rank,player,age,official_points,lost_earned_points,tourn_played,dropping,next_best
1,Jannik Sinner,25,"12,800",-650,17,-,-
2,Alexander Zverev,29,"7,790",-300,20,-,-
3,Carlos Alcaraz,23,"7,160",-1000,17,-,-
4,Felix Auger-Aliassime,26,"4,640",-100,22,-,-
5,Novak Djokovic,39,"3,770",+10,16,-,-
6,Flavio Cobolli,24,"3,720",+390,26,-,-
7,Alex de Minaur,27,"3,650",+90,24,-,-
8,Daniil Medvedev,30,"3,580",-,23,-,-
9,Ben Shelton,23,"3,480",-190,22,-,-
10,Taylor Fritz,28,"3,475",+100,22,-,-
11,Arthur Fils,22,"3,140",+1000,18,-,-
12,Frances Tiafoe,28,"2,680",+550,22,-,-
13,Rafael Jodar,19,"2,671",+50,22,-,-
14,Lorenzo Musetti,24,"2,605",+190,22,-,-
15,Learner Tien,20,"2,565",+20,22,-,-
16,Alexander Bublik,29,"2,525",-,26,-,-
17,Brandon Nakashima,25,"2,485",+350,25,-,-
18,Jakub Mensik,20,"2,445",+50,21,-,-
19,Jiri Lehecka,24,"2,420",-50,21,-,-
20,Casper Ruud,27,"2,385",-,22,-,-
21,Tommy Paul,29,"2,225",+150,22,-,-
22,Luciano Darderi,24,"2,175",-,30,-,-
23,Valentin Vacherot,27,"2,168",-18,22,-,-
24,Andrey Rublev,28,"2,080",-150,23,-,-
25,Francisco Cerundolo,28,"1,980",+10,23,-,-
26,Joao Fonseca,20,"1,800",-,19,-,-
27,Alejandro Davidovich Fokina,27,"1,730",-50,24,-,-
28,Alejandro Tabilo,29,"1,688",-,33,-,-
29,Arthur Rinderknech,31,"1,683",-40,26,-,-
30,Ugo Humbert,28,"1,545",-40,27,-,-
31,Tomas Martin Etcheverry,27,"1,440",-30,29,-,-
32,Alexander Blockx,21,"1,396",-,23,-,-
33,Cameron Norrie,31,"1,365",+20,25,-,-
34,Matteo Arnaldi,25,"1,349",-,21,-,-
35,Zizou Bergs,27,"1,345",-20,28,-,-
36,Ignacio Buse,22,"1,310",-25,26,-,-
37,Arthur Fery,24,"1,253",-32,19,-,-
38,Raphael Collignon,24,"1,207",-15,25,-,-
39,Daniel Merida,21,"1,157",+40,29,-,-
40,Luca Van Assche,22,"1,140",+139,26,-,-
41,Nuno Borges,29,"1,135",+90,29,-,-
42,Thiago Agustin Tirante,25,"1,125",+114,27,-,-
43,Matteo Berrettini,30,"1,115",+30,23,-,-
44,Jan-Lennard Struff,36,"1,089",+20,26,-,-
45,Alex Michelsen,21,"1,070",-20,26,-,-
46,Hubert Hurkacz,29,"1,070",+155,23,-,-
47,Denis Shapovalov,27,"1,065",+20,23,-,-
48,Mariano Navone,25,"1,065",-1,29,-,-
49,Karen Khachanov,30,"1,050",-90,24,-,-
50,Sebastian Baez,25,"1,044",+39,30,-,-
51,Juan Manuel Cerundolo,24,"1,040",+34,30,-,-
52,Quentin Halys,29,"1,030",+50,28,-,-
53,Stefanos Tsitsipas,28,"1,000",-20,24,-,-
54,Yannick Hanfmann,34,991,+5,25,-,-
55,Jaume Munar,29,990,-60,23,-,-
56,Tallon Griekspoor,30,975,-10,28,-,-
57,Daniel Altmaier,27,964,+20,32,-,-
58,Tomas Machac,25,960,-,21,-,-
59,Roman Andres Burruchaga,24,960,-2,31,-,-
60,Ethan Quinn,22,949,-30,27,-,-
61,Adolfo Daniel Vallejo,22,948,+34,28,-,-
62,Corentin Moutet,27,935,-30,28,-,-
63,Fabian Marozsan,26,930,-20,24,-,-
64,Miomir Kecmanovic,26,925,-5,30,-,-
65,Martin Landaluce,20,922,-,28,-,-
66,Pablo Carreno Busta,35,899,+14,22,-,-
67,Adrian Mannarino,38,895,-110,31,-,-
68,Sebastian Korda,26,890,-60,22,-,-
69,Vit Kopriva,29,883,-3,31,-,-
70,Jaime Faria,23,847,+85,27,-,-
71,Botic van de Zandschulp,30,834,-135,27,-,-
72,Kamil Majchrzak,30,827,-90,24,-,-
73,Jenson Brooksby,25,800,-40,24,-,-
74,Valentin Royer,25,778,+10,33,-,-
75,Jan Choinski,30,773,+3,30,-,-
76,Camilo Ugo Carabelli,27,770,-20,29,-,-
77,Marcos Giron,33,765,+15,27,-,-
78,Hamad Medjedovic,23,764,-90,18,-,-
79,James Duckworth,34,763,+20,27,-,-
80,Zachary Svajda,23,759,+10,18,-,-
81,Marin Cilic,37,751,-,23,-,-
82,Facundo Diaz Acosta,25,732,-,29,-,-
83,Marco Trungelliti,36,731,+38,24,-,-
84,Alex Molcan,28,710,-81,19,-,-
85,Rinky Hijikata,25,709,+36,31,-,-
86,Arthur Gea,21,709,-35,23,-,-
87,Sho Shimabukuro,29,705,+8,28,-,-
88,Hugo Gaston,25,697,+25,25,-,-
89,Aleksandar Kovacevic,27,690,+17,30,-,-
90,Terence Atmane,24,687,-370,28,-,-
91,Lorenzo Sonego,31,683,-35,24,-,-
92,Martin Damm,22,675,-2,24,-,-
93,Adam Walton,27,670,-,31,-,-
94,Coleman Wong,22,668,-12,27,-,-
95,Aleksandar Vukic,30,659,-7,28,-,-
96,Mattia Bellucci,25,656,-95,27,-,-
97,Aleksandr Shevchenko,25,655,-44,25,-,-
98,Roman Safiullin,29,634,-14,14,-,-
99,Jesper de Jong,26,628,+10,24,-,-
100,Jacob Fearnley,25,623,+6,26,-,-
101,Dino Prizmic,21,618,-34,15,-,-
102,Titouan Droguet,25,616,+22,28,-,-
103,Damir Dzumhur,34,612,-20,32,-,-
104,Giovanni Mpetshi Perricard,23,600,-90,26,-,-
105,Christopher O'Connell,32,598,+107,21,-,-
106,Michael Zheng,22,590,-5,17,-,-
107,Kyrian Jacquet,25,581,+30,20,-,-
108,Otto Virtanen,25,574,+10,22,-,-
109,Benjamin Bonzi,30,572,-84,21,-,-
110,Toby Samuel,23,567,-9,25,-,-
111,Emilio Nava,24,561,-43,26,-,-
112,Eliot Spizzirri,24,557,-,15,-,-
113,Yibing Wu,26,551,-2,19,-,-
114,Gabriel Diallo,24,550,-75,25,-,-
115,Nicolas Mejia,26,548,+18,27,-,-
116,Patrick Kypson,26,540,-30,19,-,-
117,Shintaro Mochizuki,23,532,-45,23,-,-
118,Zsombor Piros,26,530,-12,17,-,-
119,Henrique Rocha,22,513,+4,30,-,-
120,Vilius Gaubas,21,511,-12,27,-,-
121,Marton Fucsovics,34,510,-240,20,-,-
122,Dane Sweeny,25,506,-12,29,-,-
123,Francisco Comesana,25,503,-100,23,-,-
124,Yunchaokete Bu,24,496,-50,19,-,-
125,Sebastian Ofner,30,495,-10,23,-,-
126,Pablo Llamas Ruiz,23,491,+2,21,-,-
127,Stan Wawrinka,41,486,-27,22,-,-
128,Gustavo Heide,24,474,-,24,-,-
129,Andrea Pellegrino,29,462,+8,20,-,-
130,Alexei Popyrin,27,458,-42,27,-,-
131,Leandro Riedi,24,457,-30,13,-,-
132,Nikoloz Basilashvili,34,456,-26,22,-,-
133,Holger Rune,23,450,-200,15,-,-
134,Dalibor Svrcina,23,445,-129,22,-,-
135,Cristian Garin,30,438,-,16,-,-
136,Stefanos Sakellaridis,21,435,+67,25,-,-
137,Grigor Dimitrov,35,432,-,20,-,-
138,Alexandre Muller,29,430,-15,27,-,-
139,Lloyd Harris,29,428,+105,19,-,-
140,Hugo Dellien,33,422,-4,23,-,-
141,Jack Draper,24,410,-,17,-,-
142,Arthur Cazaux,24,396,-36,17,-,-
143,Jurij Rodionov,27,395,-68,28,-,-
144,Tomas Barrios Vera,28,395,-5,29,-,-
145,Tom Gentzsch,22,393,-9,33,-,-
146,Mackenzie McDonald,31,390,-15,23,-,-
147,Stefano Travaglia,34,388,-41,29,-,-
148,Pedro Martinez,29,387,+1,29,-,-
149,Nicolai Budkov Kjaer,19,379,+6,28,-,-
150,Soonwoo Kwon,28,379,-2,13,-,-
151,Chris Rodesch,25,377,-,19,-,-
152,Mark Lajal,23,375,+14,24,-,-
153,Reilly Opelka,28,371,-50,16,-,-
154,Zhizhen Zhang,29,365,-,22,-,-
155,Juan Carlos Prado Angelo,21,364,-11,26,-,-
156,Daniil Glinka,26,363,+6,30,-,-
157,Rei Sakamoto,20,357,+7,25,-,-
158,Gauthier Onclin,25,355,+16,31,-,-
159,Clement Tabur,26,353,-,25,-,-
160,Taro Daniel,33,351,+40,19,-,-
161,Billy Harris,31,349,-,24,-,-
162,Borna Gojo,28,349,-5,15,-,-
163,Nishesh Basavareddy,21,348,-51,15,-,-
164,Alex Bolt,33,348,-6,17,-,-
165,Jack Pinnington Jones,23,344,+22,19,-,-
166,Marco Cecchinato,33,342,+10,28,-,-
167,Dusan Lajovic,36,338,-62,26,-,-
168,Francesco Maestrelli,23,337,-12,24,-,-
169,Federico Agustin Gomez,29,332,+12,29,-,-
170,Elmer Moller,23,331,-2,22,-,-
171,Joel Schwaerzler,20,324,-66,27,-,-
172,Gonzalo Bueno,22,322,-,31,-,-
173,Michael Mmoh,28,321,-,20,-,-
174,Remy Bertola,27,319,-,32,-,-
175,Zdenek Kolar,29,318,-52,34,-,-
176,Luka Mikrut,22,317,-,12,-,-
177,Max Alcala Gurri,23,317,-6,28,-,-
178,Jerome Kym,23,315,-6,15,-,-
179,Bernard Tomic,33,315,-37,30,-,-
180,Tristan Schoolkate,25,313,+11,28,-,-
181,Federico Cina,19,312,-12,29,-,-
182,Tristan Boyer,25,310,-28,21,-,-
183,Alexis Galarneau,27,309,-5,27,-,-
184,Andre Ilagan,25,307,+38,31,-,-
185,Clement Chidekh,25,304,+24,31,-,-
186,Jan Kumstat,19,302,+146,21,-,-
187,Andrea Guerrieri,27,301,-1,26,-,-
188,Vitaliy Sachko,29,298,-,23,-,-
189,Lautaro Midon,22,293,-,26,-,-
190,Diego Dedura,18,291,-,29,-,-
191,Lukas Neumayer,23,290,-44,25,-,-
192,David Jorda Sanchis,32,289,-16,28,-,-
193,Keegan Smith,28,287,-,31,-,-
194,Gianluca Cadenasso,21,286,-3,26,-,-
195,Edas Butvilas,22,286,+6,27,-,-
196,Harry Wendelken,24,285,+4,29,-,-
197,Liam Broady,32,282,-,31,-,-
198,Thiago Seyboth Wild,26,281,-,20,-,-
199,Ugo Blanchet,27,279,-17,23,-,-
200,Moise Kouame,17,279,+16,20,-,-
201,Lorenzo Giustino,34,279,-11,32,-,-
202,Yoshihito Nishioka,30,276,-10,10,-,-
203,Luka Pavlovic,26,273,-,25,-,-
204,Elias Ymer,30,272,+6,24,-,-
205,Timofey Skatov,25,272,-119,31,-,-
206,Laslo Djere,31,271,+3,22,-,-
207,Francesco Passaro,25,270,+12,24,-,-
208,Daniel Rincon,23,270,-4,27,-,-
209,Roberto Carballes Baena,33,269,-30,24,-,-
210,Pol Martin Tiffon,27,269,-,24,-,-
211,Maxim Mrva,19,265,+87,29,-,-
212,Guy Den Ouden,24,263,-,18,-,-
213,Felix Gill,24,262,+3,32,-,-
214,Henri Squire,25,261,-12,29,-,-
215,Braden Shick,22,260,-,25,-,-
216,Kimmer Coppejans,32,260,-,26,-,-
217,Liam Draxl,24,255,-6,23,-,-
218,Rio Noguchi,27,255,-10,27,-,-
219,Nikolas Sanchez Izquierdo,27,255,-6,30,-,-
220,Chun-Hsin Tseng,25,253,+44,20,-,-
221,Colton Smith,23,253,-30,22,-,-
222,Genaro Alberto Olivieri,28,249,-,27,-,-
223,Raul Brancaccio,29,249,+5,29,-,-
224,Oliver Crawford,27,247,-,26,-,-
225,Moez Echargui,33,247,-40,28,-,-
226,Henry Searle,20,246,-13,24,-,-
227,Juncheng Shang,21,245,-,13,-,-
228,Stefano Napolitano,31,245,-,20,-,-
229,Guido Ivan Justo,28,244,-,32,-,-
230,Roberto Bautista Agut,38,243,-75,20,-,-
231,Kilian Feldbausch,20,241,-,18,-,-
232,Juan Pablo Varillas,30,240,-,27,-,-
233,Alex Barrena,23,240,+22,31,-,-
234,Sumit Nagal,29,239,-,24,-,-
235,Alejandro Moro Canas,25,239,-,31,-,-
236,Frederico Ferreira Silva,31,239,-6,32,-,-
237,Max Houkes,26,238,+3,30,-,-
238,Luca Nardi,23,236,-110,18,-,-
239,Jay Clarke,28,236,-,32,-,-
240,Gilles Arnaud Bailly,20,233,-12,29,-,-
241,Darwin Blanch,18,232,-17,28,-,-
242,James McCabe,23,231,-4,30,-,-
243,Andy Andrade,27,229,+10,25,-,-
244,August Holmgren,28,228,-19,27,-,-
245,Yi Zhou,21,228,-6,24,-,-
246,Giulio Zeppieri,24,227,-12,11,-,-
247,Pavel Kotov,27,226,-,16,-,-
248,J.J. Wolf,27,225,+30,10,-,-
249,Matej Dodig,21,225,-,25,-,-
250,Hayato Matsuoka,21,225,+48,29,-,-
251,Marc-Andrea Huesler,30,224,-6,21,-,-
252,Andrej Nedic,21,220,-6,26,-,-
253,Maks Kasnikowski,23,220,-23,28,-,-
254,Matheus Pucinelli De Almeida,25,219,+20,24,-,-
255,Hugo Grenier,30,218,-,21,-,-
256,Abdullah Shelbayh,22,218,-4,24,-,-
257,Felix Balshaw,20,218,-2,24,-,-
258,Charles Broom,28,218,+26,29,-,-
259,Juan Bautista Torres,24,218,+10,31,-,-
260,Buvaysar Gadamauri,26,215,-4,25,-,-
261,Matias Soto,27,214,-,25,-,-
262,Martin Krumich,23,214,-6,32,-,-
263,Mili Poljicak,22,213,-,19,-,-
264,Harold Mayot,24,213,-10,19,-,-
265,Filip Cristian Jianu,24,213,+16,32,-,-
266,Max Basing,23,212,-14,22,-,-
267,Franco Roncadelli,26,212,-28,26,-,-
268,Dominic Stricker,24,211,+50,18,-,-
269,Ilia Simakin,22,210,-,25,-,-
270,Kaichi Uchida,32,210,-8,29,-,-
271,Hynek Barton,22,210,-,31,-,-
272,Philip Henning,25,209,+25,25,-,-
273,Sean Cuenin,22,208,+27,24,-,-
274,Marvin Moeller,27,205,+41,29,-,-
275,Thiago Monteiro,32,204,-,22,-,-
276,Michele Ribecai,23,204,-14,30,-,-
277,Dan Added,27,203,-51,30,-,-
278,Joao Lucas Reis Da Silva,26,202,-12,27,-,-
279,Nick Hardt,25,200,-2,19,-,-
280,Inaki Montes-De La Torre,23,200,-4,24,-,-
281,Alvaro Guillen Meza,23,199,-,29,-,-
282,Alastair Gray,28,198,-11,23,-,-
283,Juan Manuel La Serna,22,197,+4,25,-,-
284,Pedro Boscardin Dias,23,197,-4,31,-,-
285,Franco Agamenone,33,196,-17,28,-,-
286,Petr Bar Biryukov,24,196,-11,31,-,-
287,Matteo Martineau,27,195,-,28,-,-
288,Pierre-Hugues Herbert,35,194,-,15,-,-
289,Cezar Cretu,25,194,-17,23,-,-
290,Giles Hussey,29,192,-12,27,-,-
291,Sergey Fomin,25,192,+12,28,-,-
292,Sandro Kopp,26,192,-8,31,-,-
293,Carl Emil Overbeck,25,190,+24,21,-,-
294,Rodrigo Pacheco Mendez,21,190,-,26,-,-
295,Stefan Kozlov,28,189,+4,21,-,-
296,Florian Broska,28,189,-,22,-,-
297,Yu Hsiou Hsu,27,188,-44,25,-,-
298,Mert Alkaya,26,185,-,30,-,-
299,Matthew Dellavedova,26,185,+7,41,-,-
300,Petr Nesterov,23,184,-,27,-,-
301,Florent Bax,27,184,-43,29,-,-
302,Federico Bondioli,21,184,-2,30,-,-
303,Yanki Erel,25,182,-17,23,-,-
304,Murphy Cassone,24,182,-8,26,-,-
305,Stefan Dostanic,24,181,-19,15,-,-
306,Igor Marcondes,29,181,+6,20,-,-
307,Gael Monfils,39,180,-,12,-,-
308,Radu Mihai Papoe,23,180,-4,22,-,-
309,Justin Engel,18,179,-6,22,-,-
310,David Goffin,35,178,-10,13,-,-
311,Johannus Monday,24,178,+1,19,-,-
312,Filippo Romano,21,178,-2,27,-,-
313,Miguel Damas,26,177,-6,33,-,-
314,Jay Friend,22,176,-,14,-,-
315,Max Hans Rehberg,22,176,+18,20,-,-
316,Daniel Milavsky,24,175,-3,30,-,-
317,Max Schoenhaus,19,174,+2,25,-,-
318,Fajing Sun,29,174,+8,29,-,-
319,Duje Ajdukovic,25,174,-7,29,-,-
320,Luciano Emanuel Ambrogi,22,173,+2,31,-,-
321,Gonzalo Villanueva,31,172,+4,33,-,-
322,Michael Geerts,31,171,+15,28,-,-
323,Andres Martin,25,170,-,29,-,-
324,Daniel Michalski,26,169,+6,26,-,-
325,Calvin Hemery,31,168,+4,24,-,-
326,Tyler Zink,25,168,+3,30,-,-
327,Nicolas Kicker,34,168,+28,30,-,-
328,Akira Santillan,29,168,-23,32,-,-
329,Oliver Tarvet,22,167,+35,13,-,-
330,Anton Matusevich,25,166,+19,24,-,-
331,Sascha Gueymard Wayenburg,23,164,-,30,-,-
332,Enrico Dalla Valle,28,164,-,30,-,-
333,Jordan Thompson,32,163,-10,9,-,-
334,Daniel Elahi Galan,30,163,-44,22,-,-
335,Mikhail Kukushkin,38,162,-,21,-,-
336,Eliakim Coulibaly,24,162,-,24,-,-
337,Raphael Perot,25,161,+9,27,-,-
338,Mathys Erhard,24,161,-,32,-,-
339,Marko Topo,22,160,-,22,-,-
340,Dali Blanch,23,160,-17,27,-,-
341,Lucas Poullain,30,160,+21,28,-,-
342,Edward Winter,21,159,+10,18,-,-
343,Ognjen Milic,19,158,-,24,-,-
344,Oriol Roca Batalla,33,158,+5,27,-,-
345,Facundo Mena,33,157,-,24,-,-
346,Yasutaka Uchiyama,34,156,-,19,-,-
347,Hamish Stewart,27,156,-1,24,-,-
348,Thomas Faurel,20,153,-9,30,-,-
349,Tiago Torres,24,153,-,26,-,-
350,Philip Sekulic,22,152,-28,25,-,-
351,Ivan Marrero Curbelo,27,151,-,20,-,-
352,Tiago Pereira,22,151,-3,40,-,-
353,Antoine Ghibaudo,21,150,-9,24,-,-
354,Mitchell Krueger,32,148,-,22,-,-
355,Juan Estevez,20,147,-13,31,-,-
356,Geoffrey Blancaneaux,28,144,+3,30,-,-
357,Hernan Casanova,32,143,-16,22,-,-
358,Jake Delaney,29,143,-2,28,-,-
359,Petr Brunclik,20,142,-20,17,-,-
360,Francesco Forti,27,142,-,24,-,-
361,Norbert Gombos,36,141,+26,22,-,-
362,Lui Maxted,22,141,+18,23,-,-
363,Gabriele Piraino,22,140,-29,24,-,-
364,Eduardo Ribeiro,28,140,+6,25,-,-
365,Tommaso Compagnucci,26,140,-1,28,-,-
366,Marc Polmans,29,139,-3,18,-,-
367,Alex Martinez,25,139,-,23,-,-
368,Cruz Hewitt,17,139,+3,25,-,-
369,Tung-Lin Wu,28,138,-,22,-,-
370,Murkel Dellien,28,138,-24,28,-,-
371,Andrea Collarini,34,136,-,21,-,-
372,Manas Dhamne,18,136,-3,26,-,-
373,Dimitar Kuzmanov,33,135,+4,33,-,-
374,Andrey Chepelev,28,135,-9,39,-,-
375,Lucio Ratti,22,134,+4,27,-,-
376,Carlos Sanchez Jover,26,134,-9,29,-,-
377,Carlos Maria Zarate,21,133,+5,31,-,-
378,Max Wiskandt,24,132,-3,26,-,-
379,Jacopo Vasami,18,131,-6,15,-,-
380,Juan Pablo Ficovich,29,131,-22,23,-,-
381,Jonas Forejtek,25,131,-6,24,-,-
382,Marek Gengel,30,131,-,25,-,-
383,Blaise Bicknell,24,130,-4,23,-,-
384,Georgii Kravchenko,26,130,+2,33,-,-
385,Ilya Ivashka,32,129,-7,12,-,-
386,Jack Kennedy,18,129,-,18,-,-
387,Alejo Sanchez Quilez,21,129,+23,22,-,-
388,Yuta Shimizu,27,129,-,24,-,-
389,Mees Rottgering,19,127,+10,20,-,-
390,Trevor Svajda,20,125,-6,13,-,-
391,Andrej Martin,36,125,+2,19,-,-
392,Daniel Masur,31,125,-,20,-,-
393,Samuele Pieri,24,125,-6,29,-,-
394,Dhakshineswar Suresh,26,124,-,11,-,-
395,Justin Boulais,24,123,-2,25,-,-
396,Arthur Nagel,23,123,-,27,-,-
397,Mats Rosenkranz,28,122,-20,13,-,-
398,Arthur Weber,34,122,-,19,-,-
399,Masamichi Imamura,27,122,+6,29,-,-
400,Carlos Taberner,29,121,-10,12,-,-
401,Vadym Ursu,29,121,-,28,-,-
402,Omar Jasika,29,121,+15,30,-,-
403,Robin Bertrand,23,121,-16,36,-,-
404,Oleg Prihodko,28,120,-6,21,-,-
405,Stefan Palosi,26,120,-2,21,-,-
406,Garrett Johns,25,120,-10,30,-,-
407,Dylan Dietrich,21,119,+12,9,-,-
408,Sebastian Sorger,20,119,-1,22,-,-
409,Olle Wallin,24,119,+1,24,-,-
410,Robert Strombachs,26,119,+14,28,-,-
411,Patrick Zahraj,27,119,-,30,-,-
412,Thanasi Kokkinakis,30,118,+10,9,-,-
413,Mateus Alves,25,118,-,22,-,-
414,Andrew Fenty,26,118,-6,27,-,-
415,Yosuke Watanuki,28,117,-,15,-,-
416,Massimo Giunta,22,117,+4,27,-,-
417,Johan Nikles,29,116,-,23,-,-
418,Ioannis Xilas,25,116,-14,29,-,-
419,Benjamin Hassan,31,115,+28,22,-,-
420,Semen Pankin,26,115,+2,25,-,-
421,Eric Vanshelboim,25,115,-2,26,-,-
422,Ozan Baris,22,114,+3,16,-,-
423,Henry Bernet,19,114,+4,22,-,-
424,Mika Brunold,21,113,-2,17,-,-
425,Maxime Chazal,33,113,+14,25,-,-
426,Niels Visker,24,113,-,26,-,-
427,Constantin Bittoun Kouzmine,27,113,-,35,-,-
428,Valerio Aboian,24,111,-,26,-,-
429,Mika Petkovic,19,111,-,28,-,-
430,Santiago Rodriguez Taverna,27,111,-12,29,-,-
431,Yannik Kelm,21,109,-,25,-,-
432,Vladyslav Orlov,31,109,-3,26,-,-
433,Javier Barranco Cosano,27,108,+9,18,-,-
434,Laurent Lokoli,31,107,-13,14,-,-
435,Nerman Fatic,31,107,-10,16,-,-
436,Corentin Denolly,29,107,-,22,-,-
437,Juan Cruz Martin Manzano,21,107,-13,24,-,-
438,Marat Sharipov,23,107,-18,25,-,-
439,Matthew William Donald,21,107,+6,27,-,-
440,Denis Yevseyev,33,107,-,28,-,-
441,Timo Legout,24,106,+27,11,-,-
442,Luca Staeheli,26,106,+25,27,-,-
443,Viktor Durasovic,29,106,+3,27,-,-
444,Spencer Johnson,23,104,-2,10,-,-
445,Karim Bennani,18,104,-,21,-,-
446,Cyril Vandermeersch,27,104,-8,22,-,-
447,Jie Cui,28,104,+2,23,-,-
448,Ryan Peniston,30,103,-,13,-,-
449,Tom Paris,23,103,-,16,-,-
450,Alafia Ayeni,27,103,+2,18,-,-
451,Rudolf Molleker,25,103,+8,21,-,-
452,Karl Poling,27,103,+10,26,-,-
453,Oleksii Krutykh,26,103,+20,30,-,-
454,Moerani Bouzige,27,103,-,32,-,-
455,Luca Castelnuovo,29,102,-2,22,-,-
456,Quinn Vandecasteele,23,102,+7,24,-,-
457,Daniel Dutra da Silva,38,102,-2,30,-,-
458,James Trotter,27,101,-8,19,-,-
459,Felipe Meligeni Alves,28,101,+30,12,-,-
460,Joaquin Aguilar Cardozo,21,101,+11,17,-,-
461,Khumoyun Sultanov,27,101,+14,19,-,-
462,Kenta Miyoshi,22,100,+9,11,-,-
463,Beibit Zhukayev,25,99,-15,19,-,-
464,Cannon Kingsley,25,99,-13,20,-,-
465,Alex Hernandez,27,99,-,25,-,-
466,Emile Hudd,26,99,+2,30,-,-
467,Christian Langmo,30,99,-2,33,-,-
468,Jack Loge,21,98,-,31,-,-
469,Jason Kubler,33,97,-,10,-,-
470,Blake Ellis,27,96,-,18,-,-
471,Alex Rybakov,29,96,+7,22,-,-
472,Eero Vasa,29,96,-3,22,-,-
473,Ivan Gakhov,29,96,-,22,-,-
474,Carlo Alberto Caniato,20,96,-5,26,-,-
475,Paulo Andre Saraiva Dos Santos,26,96,+15,27,-,-
476,Sergi Perez Contri,28,96,-2,27,-,-
477,Kei Nishikori,36,95,-,9,-,-
478,Lorenzo Carboni,20,95,+2,27,-,-
479,Koki Matsuda,25,94,-10,19,-,-
480,Renta Tokuda,28,94,-9,24,-,-
481,Sergio Callejon Hernando,21,94,-22,25,-,-
482,Kasidit Samrej,25,94,-26,30,-,-
483,Yassine Dlimi,23,93,-1,14,-,-
484,Luca Potenza,26,93,-2,22,-,-
485,Maximus Jones,21,93,-16,24,-,-
486,Louis Wessels,27,93,+12,27,-,-
487,Izan Almazan Valiente,20,93,+13,27,-,-
488,Duncan Chan,21,92,-1,11,-,-
489,Thijs Boogaard,18,92,-,13,-,-
490,Niels McDonald,18,92,+12,20,-,-
491,Dusan Obradovic,25,92,-3,31,-,-
492,Patrick Schoen,21,91,-,21,-,-
493,Anton Shepp,23,91,-,22,-,-
494,Adrian Boitan,27,91,-17,23,-,-
495,Colin Sinclair,31,91,+2,29,-,-
496,George Loffhagen,25,90,-3,16,-,-
497,Radu Albot,36,90,+3,16,-,-
498,Daniel Siniakov,23,90,-9,18,-,-
499,Paul Jubb,26,90,-41,19,-,-
500,Bor Artnak,22,90,-15,20,-,-
501,Giuseppe La Vela,25,90,-,23,-,-
502,Dominik Palan,25,90,-,24,-,-
503,Pedro Sakamoto,33,90,-,30,-,-
504,Alex Marti Pujolras,27,89,+6,20,-,-
505,Peter Makk,24,89,+14,24,-,-
506,Cesar Bouchelaghem,22,88,-,25,-,-
507,Lilian Marmousez,24,87,-43,11,-,-
508,Enzo Aguiard,24,87,-5,17,-,-
509,Reda Bennani,19,87,-10,19,-,-
510,Miguel Tobon,20,87,-4,28,-,-
511,Lorenzo Joaquin Rodriguez,26,87,-14,30,-,-
512,Gianmarco Ferrari,25,86,-14,18,-,-
513,Alan Magadan,25,86,+12,27,-,-
514,Tibo Colson,26,85,-,14,-,-
515,Hiroki Moriya,35,85,-1,22,-,-
516,Federico Arnaboldi,26,85,+1,22,-,-
517,Hikaru Shiraishi,26,85,-3,27,-,-
518,Tai Sach,23,85,-1,30,-,-
519,Alexander Donski,28,84,-6,12,-,-
520,Aziz Dougaz,29,84,+25,12,-,-
521,Filip Jeff Planinsek,25,84,-3,28,-,-
522,Milos Karol,23,83,-10,13,-,-
523,Sanhui Shin,29,83,-10,25,-,-
524,Joao Eduardo Schiessl,22,82,+3,21,-,-
525,Ryan Nijboer,27,82,-7,27,-,-
526,Evan Zhu,28,82,+16,31,-,-
527,Aziz Ouakaa,27,82,-9,37,-,-
528,Samir Banerjee,22,81,-10,9,-,-
529,Li Tu,30,81,-10,12,-,-
530,Filip Misolic,25,80,-16,10,-,-
531,Pedro Vives Marcos,25,79,-16,13,-,-
532,Fabrizio Andaloro,25,79,-5,16,-,-
533,Marcel Zielinski,25,79,+10,25,-,-
534,Gerard Campana Lee,21,79,+2,32,-,-
535,Ivan Ivanov,17,78,-,25,-,-
536,Maxim Zhukov,21,77,-2,15,-,-
537,Gavin Young,23,77,+2,20,-,-
538,Jelle Sels,31,77,-3,23,-,-
539,Luca Wiedenmann,28,77,-,26,-,-
540,Takuya Kumasaka,27,76,+1,28,-,-
541,Pavle Marinkov,20,75,-6,21,-,-
542,Michael Bassem Sobhy,22,75,-3,22,-,-
543,Mitsuki Wei Kang Leong,22,75,-1,25,-,-
544,M Rifki Fitriadi,27,75,-,26,-,-
545,Alexander Binda,24,75,-,27,-,-
546,Toufik Sahtali,27,75,-,34,-,-
547,Matyas Fuele,27,74,-,17,-,-
548,Daniil Ostapenkov,23,74,-9,22,-,-
549,Digvijay Pratap Singh,26,74,-6,28,-,-
550,Pavel Lagutin,21,73,-13,20,-,-
551,Leo Borg,23,73,-3,23,-,-
552,Fares Zakaria,25,73,-12,26,-,-
553,Kokoro Isomura,23,73,+2,27,-,-
554,Filip Peliwo,32,73,-2,28,-,-
555,Dimitris Sakellaridis,20,73,-1,49,-,-
556,Shunsuke Mitsui,24,72,+16,16,-,-
557,Fausto Tabacco,24,72,-4,25,-,-
558,Alec Deckers,26,72,+4,26,-,-
559,Jacopo Berrettini,27,71,-,14,-,-
560,Alec Beckley,25,71,-3,17,-,-
561,Carlos Lopez Montagud,26,71,-1,19,-,-
562,Daniel De Jonge,27,71,+4,20,-,-
563,Sidharth Rawat,33,71,-8,22,-,-
564,Lorenzo Angelini,20,71,-,26,-,-
565,Taha Baadi,25,70,-5,15,-,-
566,Maxime Janvier,29,70,-2,24,-,-
567,Kirill Kivattsev,28,70,+1,31,-,-
568,Dragos Nicolae Madaras,28,69,+4,15,-,-
569,Christoph Negritu,32,69,-8,18,-,-
570,Saba Purtseladze,25,69,+12,26,-,-
571,Aidan McHugh,26,68,-16,10,-,-
572,Hyeon Chung,30,68,-,18,-,-
573,Karol Filar,27,68,+3,23,-,-
574,John Echeverria,24,68,-,25,-,-
575,Mae Malige,20,68,-,25,-,-
576,Keegan Rice,20,67,-,6,-,-
577,Pietro Fellin,25,67,-12,22,-,-
578,Robin Catry,24,67,-,23,-,-
579,Sebastian Gima,24,67,-11,30,-,-
580,Paul Inchauspe,22,66,-2,7,-,-
581,Aidan Mayo,23,66,+4,13,-,-
582,Amr Elsayed,27,66,-,20,-,-
583,Stefan Adrian Andreescu,24,66,-3,23,-,-
584,Yanis Ghazouani Durand,26,66,-5,25,-,-
585,Nino Ehrenschneider,25,66,+1,28,-,-
586,Aidan Kim,21,65,-4,12,-,-
587,Jacob Bradshaw,23,65,-,21,-,-
588,Amit Vales,21,65,+5,22,-,-
589,Guillaume Dalmasso,23,65,-,24,-,-
590,Pierre Delage,25,65,-,25,-,-
591,Imanol Lopez Morillo,26,65,-3,30,-,-
592,Iliyan Radulov,21,64,+4,16,-,-
593,Joao Domingues,32,64,-,16,-,-
594,Kai Wehnelt,30,64,+4,24,-,-
595,Karan Singh,23,64,-1,26,-,-
596,Romain Faucon,23,64,-2,30,-,-
597,Andrea Vavassori,31,63,-,3,-,-
598,Andrew Paulson,24,63,+2,4,-,-
599,Martin Van Der Meerschen,26,63,+14,20,-,-
600,Kaylan Bigun,20,63,-13,22,-,-
601,Lorenzo Bocchi,28,63,-1,24,-,-
602,Mario Gonzalez Fernandez,24,63,-5,26,-,-
603,Leonardo Rossi,24,63,-,31,-,-
604,Erik Arutiunian,21,62,+3,11,-,-
605,Juan Sebastian Gomez,34,62,-6,12,-,-
606,Jamie Mackenzie,18,62,-6,12,-,-
607,Mukund Sasikumar,29,62,-6,25,-,-
608,Millen Hurrion,27,62,-,25,-,-
609,Fryderyk Lechno-Wasiutynski,21,61,+4,13,-,-
610,Lukas Pokorny,24,61,-8,14,-,-
611,Branko Djuric,21,61,-5,14,-,-
612,Kuan-Yi Lee,29,61,-5,22,-,-
613,Alexander Weis,29,60,-12,14,-,-
614,S D Prajwal Dev,30,60,-,18,-,-
615,Amir Omarkhanov,18,60,-,24,-,-
616,Nicolas Tepmahc,25,60,-1,29,-,-
617,Cedrik-Marcel Stebe,35,59,-72,9,-,-
618,Alexander Vasilev,19,59,-11,15,-,-
619,Alan Fernando Rubio Fierros,27,59,-,15,-,-
620,Gabriel Ghetu,18,59,+8,16,-,-
621,Svyatoslav Gulin,23,59,-10,18,-,-
622,Pierluigi Basile,19,58,-,16,-,-
623,Oleksandr Ovcharenko,24,58,-4,22,-,-
624,Dan Martin,27,58,-,23,-,-
625,Bruno Kuzuhara,22,58,-9,28,-,-
626,Stefan Popovic,23,58,-6,30,-,-
627,Conner Huertas del Pino,30,57,-,12,-,-
628,Tuncay Duran,22,57,-1,15,-,-
629,Theo Papamalamis,20,57,+2,17,-,-
630,Tsung-Hao Huang,26,57,-2,19,-,-
631,Adrian Oetzbach,28,57,-13,26,-,-
632,Ignacio Monzon,28,57,-1,30,-,-
633,Matisse Bobichon,24,56,-1,21,-,-
634,Marlon Vankan,25,56,-8,22,-,-
635,Pieter De Lange,20,56,+1,22,-,-
636,Tomasz Berkieta,20,56,-22,22,-,-
637,Maximo Zeitune,20,56,-1,24,-,-
638,Federico Iannaccone,27,56,-,25,-,-
639,Maxwell Mckennon,24,56,-2,27,-,-
640,Chase Ferguson,27,55,-1,23,-,-
641,Bruno Fernandez,22,55,-1,26,-,-
642,Naoya Honda,20,55,+1,26,-,-
643,Samuel Heredia,20,55,-1,29,-,-
644,Giovanni Oradini,28,55,-2,29,-,-
645,Neil Oberleitner,27,54,-,13,-,-
646,Nikita Mashtakov,27,54,-,17,-,-
647,Ryan Colby,22,54,-1,17,-,-
648,Alberto Barroso Campos,30,54,-7,21,-,-
649,Melios Efstathiou,27,54,-,22,-,-
650,Giorgio Tabacco,23,54,+2,24,-,-
651,Brandon Holt,28,53,-,9,-,-
652,James Story,25,53,-20,12,-,-
653,Thiago Cigarran,26,53,+3,24,-,-
654,John Hallquist Lithen,24,53,+9,29,-,-
655,Roger Pascual Ferra,20,52,+1,9,-,-
656,Viacheslav Bielinskyi,22,52,-16,16,-,-
657,Alejandro Juan Mano,21,52,-3,16,-,-
658,Dmitry Popko,29,52,-,17,-,-
659,Leo Raquillet,20,52,-2,19,-,-
660,Ergi Kirkin,27,52,-15,20,-,-
661,Yuta Kawahashi,28,52,-,21,-,-
662,Yuki Mochizuki,28,52,+8,23,-,-
663,Tiago Cacao,28,52,-,23,-,-
664,Pablo Martinez Gomez,20,51,-8,10,-,-
665,Karlis Ozolins,24,51,-,14,-,-
666,Yaroslav Demin,20,51,-1,18,-,-
667,Egor Agafonov,23,51,+1,20,-,-
668,Keisuke Saitoh,25,51,-3,23,-,-
669,Gabriel Debru,20,50,-,1,-,-
670,Michael Antonius,16,50,-,9,-,-
671,Yurii Dzhavakian,33,50,-2,31,-,-
672,Samir Hamza Reguig,24,50,-1,32,-,-
673,Ryan Seggerman,27,49,-5,7,-,-
674,Arthur Bouquier,25,49,-,11,-,-
675,Mirza Basic,35,49,-,14,-,-
676,Stefan Horia Haita,19,49,+14,14,-,-
677,Pedro Rodenas,22,49,-4,15,-,-
678,Samuel Vincent Ruggeri,24,49,-,18,-,-
679,Dong Ju Kim,24,49,+1,18,-,-
680,Sander Jong,26,49,-,18,-,-
681,Andreja Petrovic,26,49,-2,22,-,-
682,Strong Kirchheimer,31,49,-9,24,-,-
683,Gabriele Bosio,25,49,-3,26,-,-
684,Shinji Hazawa,27,49,+1,29,-,-
685,Adria Soriano Barrera,27,48,-,11,-,-
686,Nicolas Alvarez Varona,25,48,-,13,-,-
687,Andrea De Marchi,19,48,-3,22,-,-
688,Yusuke Takahashi,28,48,-4,23,-,-
689,Isaac Becroft,25,48,+5,25,-,-
690,Leo Vithoontien,27,48,-1,25,-,-
691,Dragos Nicolae Cazacu,22,48,-,28,-,-
692,Timofei Derepasko,19,48,-2,28,-,-
693,Daniel Jade,17,47,-,12,-,-
694,Maxence Beauge,26,47,-,15,-,-
695,Arklon Huertas Del Pino Cordova,32,47,-,15,-,-
696,Ziga Sesko,18,47,+10,16,-,-
697,Josip Simundza,21,47,-,19,-,-
698,Rafael Izquierdo Luque,26,47,+1,21,-,-
699,Ryan Dickerson,29,47,-5,21,-,-
700,Franco Ribero,26,47,-,22,-,-
701,Nicolas Villalon,22,47,-2,23,-,-
702,Marc Majdandzic,21,47,-1,24,-,-
703,Lukas Klein,28,46,-16,7,-,-
704,Khololwam Montsi,23,46,-,7,-,-
705,Anton Arzhankin,23,46,+1,16,-,-
706,Santiago De La Fuente,24,46,+3,21,-,-
707,Daniel Salazar,25,46,+6,25,-,-
708,Michael Vrbensky,26,45,-2,10,-,-
709,Olaf Pieczkowski,22,45,-6,11,-,-
710,Hunter Heck,24,45,-,16,-,-
711,Daniel Antonio Nunez,25,45,-,16,-,-
712,Manish Sureshkumar,27,45,-1,19,-,-
713,Wilson Leite,34,45,-1,24,-,-
714,Nikolai Barsukov,19,45,-5,25,-,-
715,Aleksandre Bakshi,29,44,-,15,-,-
716,Herman Hoeyeraal,24,44,-,18,-,-
717,Vincent Marysko,20,44,-4,19,-,-
718,Tristan McCormick,27,44,-11,22,-,-
719,Loann Massard,21,44,-,22,-,-
720,Oscar Jose Gutierrez,33,44,-6,24,-,-
721,Orel Kimhi,23,43,-5,8,-,-
722,Alexey Vatutin,33,43,-14,8,-,-
723,Jakub Nicod,22,43,-2,15,-,-
724,Grigory Shebekin,21,43,-,16,-,-
725,Maik Steiner,32,43,-1,20,-,-
726,Oskar Brostrom Poulsen,24,43,-,20,-,-
727,Pawit Sornlaksup,27,43,-,22,-,-
728,Emilien Demanet,21,43,-15,23,-,-
729,Seydina Andre,23,43,-1,27,-,-
730,Nicolas Zanellato,24,43,+1,27,-,-
731,Noa Vukadin,22,42,-,5,-,-
732,Alexander Ritschard,32,42,-25,7,-,-
733,Alessandro Pecci,25,42,-1,11,-,-
734,Juan Sebastian Osorio,28,42,+1,17,-,-
735,Peter Fajta,24,42,-12,18,-,-
736,Michal Krajci,21,42,-,19,-,-
737,Ignacio Parisca Romera,21,42,-1,22,-,-
738,Alfredo Perez,29,41,-12,9,-,-
739,Igor Kudriashov,22,41,-11,11,-,-
740,Andres Santamarta Roig,19,41,-,12,-,-
741,Adhithya Ganesan,20,41,-,16,-,-
742,Matteo Covato,21,41,-1,24,-,-
743,Daniele Rapagnetta,19,41,-3,24,-,-
744,Evan Bynoe,27,41,-7,26,-,-
745,Carles Hernandez,25,41,-,27,-,-
746,Joshua Charlton,27,41,-,28,-,-
747,Nicolas Jarry,30,40,-,7,-,-
748,Kalin Ivanovski,22,40,-2,3,-,-
749,Vignesh Gogineni,22,40,-,8,-,-
750,Joshua Sheehy,29,40,-14,9,-,-
751,Matt Hulme,27,40,-,10,-,-
752,Ye Cong Mo,26,40,-7,14,-,-
753,Uisung Park,25,40,-1,15,-,-
754,Manuel Mazza,27,40,-,19,-,-
755,Radu David Turcanu,20,40,-16,23,-,-
756,Aleksandr Braynin,26,40,-,29,-,-
757,Taisei Ichikawa,25,40,+2,30,-,-
758,Matthew Forbes,20,39,-,6,-,-
759,Luis Carlos Alvarez,21,39,+7,6,-,-
760,Sebastian Gorzny,22,39,-,10,-,-
761,Ben Jones,28,39,-4,16,-,-
762,Noah Zamora,23,39,+1,17,-,-
763,Rares Teodor Pieleanu,19,39,+23,20,-,-
764,Mert Naci Turker,28,39,-1,20,-,-
765,Rodrigo Alujas,23,39,-2,22,-,-
766,Andrea Picchione,28,38,-52,4,-,-
767,Mate Valkusz,28,38,-2,5,-,-
768,Lucas Andrade Da Silva,21,38,+4,6,-,-
769,Patrick Brady,21,38,+3,10,-,-
770,Tomas Farjat,25,38,-1,15,-,-
771T,Matyas Cerny,24,38,-9,15,-,-
771T,Abel Forger,21,38,+4,15,-,-
773,Naoki Nakagawa,29,38,-5,16,-,-
774,Matt Ponchet,22,38,-1,17,-,-
775,Kasra Rahmani,19,38,-,17,-,-
776,Attila Boros,22,38,-2,18,-,-
777,Keshav Chopra,24,38,-,19,-,-
778,Matt Kuhar,30,38,-1,22,-,-
779,Benjamin Pietri,30,38,+5,24,-,-
780,Michiel De Krom,28,38,-5,26,-,-
781,Emil Ruusuvuori,27,37,-,8,-,-
782,Lorenzo Sciahbasi,20,37,-7,8,-,-
783,Ryuki Matsuda,26,37,-,21,-,-
784,Karl Friberg,27,37,+15,22,-,-
785,Dimitris Azoidis,25,37,+2,22,-,-
786,Tim Handel,29,37,-4,25,-,-
787,Nikola Slavic,25,37,-,25,-,-
788,Alexis Gautier,29,36,-,7,-,-
789,Hady Habib,28,36,-12,9,-,-
790,Thomas Fancutt,31,36,+1,11,-,-
791,Yannick Theodor Alexandrescou,18,36,+1,14,-,-
792,Scott Jones,28,36,-2,15,-,-
793,Stefano D'Agostino,22,36,+5,15,-,-
794,Fernando Cavallo,20,36,-4,18,-,-
795,Alejandro Turriziani Alvarez,23,36,-,23,-,-
796,Dinko Dinev,22,36,-,24,-,-
797,Cosme Rolland De Ravel,22,35,-,5,-,-
798,Nicolas Oliveira,20,35,+1,7,-,-
799,Andrew Johnson,17,35,-,8,-,-
800,Arvid Nordquist,28,35,+4,10,-,-
801,Gian Luca Tanner,25,35,-,12,-,-
802,Jeffrey Von Der Schulenburg,24,35,+11,13,-,-
803,Francisco Rocha,26,35,-,24,-,-
804,Walid Ahouda,22,34,+25,4,-,-
805,Stuart Parker,29,34,-4,4,-,-
806,Cooper Williams,21,34,-1,5,-,-
807,Jack Anthrop,22,34,+3,6,-,-
808,Gustavo Ribeiro De Almeida,20,34,+1,8,-,-
809,Aristotelis Thanos,25,34,-25,11,-,-
810,Oscar Weightman,24,34,-16,12,-,-
811,Maximilian Homberg,23,34,+1,15,-,-
812,Sam Ryan Ziegann,28,34,-1,22,-,-
813,Benjamin Torrealba,21,34,-2,22,-,-
814,Luca Castagnola,24,34,-3,28,-,-
815,Kosuke Ogura,30,34,+5,32,-,-
816,Alibek Kachmazov,24,33,+1,6,-,-
817,Arda Azkara,23,33,+1,14,-,-
818,Conor Gannon,24,33,-1,19,-,-
819,Nicholas David Ionel,23,33,-3,24,-,-
820,John Sperle,24,33,-,25,-,-
821,Carles Cordoba,20,33,-,26,-,-
822,Taiyo Yamanaka,24,33,-2,26,-,-
823,Jorge Plans,24,33,+1,27,-,-
824,Daniel Evans,36,32,-,4,-,-
825,Jangjun Kim,19,32,-,7,-,-
826,Etienne Donnet,25,32,-26,8,-,-
827,Johan Alexander Rodriguez,22,32,-22,9,-,-
828,Jannik Opitz,28,32,+2,11,-,-
829,Mariano Kestelboim,30,32,-4,12,-,-
830,Alex Knaff,28,32,-,12,-,-
831,Adrian Andreev,25,32,-,13,-,-
832,Jose Pereira,35,32,-1,14,-,-
833,Markus Molder,21,32,+1,15,-,-
834,Oskari Paldanius,19,32,+15,15,-,-
835,Denis Klok,28,32,-8,22,-,-
836,Michel Hopp,27,32,-2,22,-,-
837,Alan Wazny,19,32,-,22,-,-
838,Nicolas Robert,19,32,+2,23,-,-
839,Gabriele Maria Noce,30,32,-2,23,-,-
840,Marko Miladinovic,25,32,-8,24,-,-
841,Julio Cesar Porras,28,31,-,8,-,-
842,Igor Gimenez,26,31,-17,10,-,-
843,Yusuke Kusuhara,29,31,-,11,-,-
844,Hoyoung Roh,20,31,-,11,-,-
845,Natan Rodrigues,24,31,-1,15,-,-
846,Calvin Mueller,26,31,-1,18,-,-
847,Jesse Flores,31,31,-,19,-,-
848,Tom Zeuch,26,31,+2,25,-,-
849,Alvin Nicholas Tudorica,24,30,-,6,-,-
850,Guto Miguel,17,30,-1,10,-,-
851,Keaton Hance,18,30,-,13,-,-
852,Michael Agwi,22,30,-8,13,-,-
853,Dominik Recek,31,30,-4,13,-,-
854,Nico Hipfl,20,30,+4,16,-,-
855,Sora Fukuda,28,30,-10,19,-,-
856,Miles Jones,25,30,+2,20,-,-
857,Tianhui Zhang,20,30,-17,21,-,-
858,Yanaki Milev,22,30,-16,23,-,-
859,Fermin Tenti,29,30,+4,23,-,-
860,Samuel Alejandro Linde Palacios,18,30,-,26,-,-
861,Alaa Trifi,19,30,-,26,-,-
862,Manuel Plunger,24,29,-,7,-,-
863,Jakub Paul,27,29,-6,7,-,-
864,Dan Alexandru Tomescu,27,29,-4,8,-,-
865,Bryce Nakashima,22,29,+1,8,-,-
866,Nitin Kumar Sinha,27,29,-,14,-,-
867,Egor Pleshivtsev,19,29,+4,25,-,-
868,Nicolas Jadoun,24,29,-5,27,-,-
869,Giannicola Misasi,25,29,+4,28,-,-
870,Lorenzo Claverie,23,28,-,2,-,-
871,Facundo Bagnis,36,28,-10,3,-,-
872,Nicolas Moreno De Alboran,29,28,-,4,-,-
873,Orlando Luz,28,28,-,4,-,-
874,Max Dahlin,20,28,-,5,-,-
875,Jozef Kovalik,33,28,-2,7,-,-
876,Thanapet Chanta,26,28,-,17,-,-
877,Yuta Kikuchi,26,28,-23,19,-,-
878,Niccolo Catini,28,28,+1,20,-,-
879,William Rejchtman Vinciguerra,19,28,-,22,-,-
880,Tomas Martinez,23,28,-,22,-,-
881,Joao Victor Couto Loureiro,23,28,-2,25,-,-
882,Andrea Fiorentini,25,28,-3,26,-,-
883,Matthew Summers,27,28,-,27,-,-
884,James Watt,26,27,-,8,-,-
885,Nikolay Vylegzhanin,26,27,-4,9,-,-
886,Theodore Dean,24,27,-,10,-,-
887,Davide Tortora,25,27,+1,11,-,-
888,Stijn Paardekooper,22,27,-,12,-,-
889,Ronit Karki,18,27,-,17,-,-
890,William Grant,25,27,-2,18,-,-
891,Giulio Perego,23,27,-1,18,-,-
892,Bastian Malla,29,27,-,18,-,-
893,Michele Mecarelli,19,27,+4,20,-,-
894,Michael Zhu,34,27,-2,24,-,-
895,Tomas Curras Abasolo,26,27,-,24,-,-
896,Grigoriy Lomakin,28,27,-,27,-,-
897,Federico Coria,34,26,-6,7,-,-
898,Gijs Brouwer,30,26,-,8,-,-
899,Jason Jung,37,26,-,9,-,-
900,Charlie Robertson,19,26,-1,12,-,-
901,Hanyi Liu,25,26,-,13,-,-
902,Goncalo Marques,20,26,+8,14,-,-
903,Felix Corwin,30,26,-1,14,-,-
904,Nikita Belozertsev,17,26,-1,16,-,-
905,Lorenzo Rottoli,24,26,-1,18,-,-
906,Maxwell Exsted,19,26,+3,18,-,-
907,Anas Mazdrashki,20,26,-5,20,-,-
908,Finn Murgett,24,26,-,23,-,-
909,Kerem Yilmaz,19,26,-,27,-,-
910,Elmar Ejupovic,33,25,-,1,-,-
911,Nick Kyrgios,31,25,-,4,-,-
912,Zsombor Velcz,23,25,-,5,-,-
913,Johannes Ingildsen,29,25,-,6,-,-
914,Patrick Maloney,26,25,+3,8,-,-
915,Filippo Moroni,25,25,-10,10,-,-
916,Dominik Kellovsky,30,25,-2,12,-,-
917,Robert Guna,20,25,-,13,-,-
918,Tristan Stringer,20,25,-1,14,-,-
919,Marcello Serafini,23,25,+14,15,-,-
920,Ronald Hohmann,25,25,-,16,-,-
921,George Lazarov,21,25,-,17,-,-
922,Ryan Fishback,24,25,-16,17,-,-
923,Aryan Shah,20,25,+3,17,-,-
924,Marcus Walters,28,25,+2,24,-,-
925,Maxence Bertimon,26,25,-16,26,-,-
926,Muhammad Shoaib,24,24,-,4,-,-
927,Christopher Eubanks,30,24,-,4,-,-
928,Pierre Yves Bailly,22,24,-,6,-,-
929,Kriish Tyagi,19,24,-,7,-,-
930,Ofek Shimanov,21,24,-,7,-,-
931,Dennis Novak,32,24,-,7,-,-
932,Christopher Li,23,24,-,14,-,-
933,Ivan Nedelko,40,24,-,14,-,-
934,Kenny De Schepper,39,24,-,14,-,-
935,Mikalai Haliak,28,24,+1,15,-,-
936,Xiaofei Wang,23,24,-3,15,-,-
937,Kristijan Juhas,25,24,-1,16,-,-
938,Amaury Raynel,24,24,-3,19,-,-
939,Aaron Funk,20,24,+2,20,-,-
940,Ryotaro Taguchi,26,24,-,20,-,-
941,Rocco Piatti,22,24,+1,21,-,-
942,Pietro Marino,25,24,-,24,-,-
943,Daniil Sarksian,20,24,-,28,-,-
944,Nicolas Barrientos,39,23,-,4,-,-
945,Max Purcell,28,23,+6,4,-,-
946,Pablo Perez Ramos,23,23,-,6,-,-
947,Ilya Snitari,24,23,-2,7,-,-
948,Peter Bertran,30,23,-6,7,-,-
949,Noritaka Koizumi,23,23,-,8,-,-
950,Oliver Bonding,19,23,-2,9,-,-
951,Giovanni Fonio,28,23,-,9,-,-
952,Linus Lagerbohm,18,23,+2,11,-,-
953,Maximilian Neuchrist,35,23,-3,14,-,-
954,Marc Van Der Merwe,32,23,-,15,-,-
955,Lorenzo Comino,20,23,+7,15,-,-
956,Charles Bertimon,26,23,-,18,-,-
957,Mickael Kaouk,17,23,+3,18,-,-
958,Ali Yazdani,22,23,-4,28,-,-
959,Lucas Gerch,31,22,-,7,-,-
960,Shunsuke Nakagawa,26,22,-1,9,-,-
961,Luca Pow,21,22,+1,9,-,-
962,Aleksa Ciric,26,22,-8,12,-,-
963,Iiro Vasa,23,22,-,12,-,-
964,Bekkhan Atlangeriev,25,22,-,14,-,-
965,Lorenzo Gagliardo,26,22,-4,14,-,-
966,Ryo Tabata,18,22,+1,14,-,-
967,Axel Nefve,26,22,+2,15,-,-
968,Marko Maksimovic,20,22,-,15,-,-
969,Yaojie Zeng,24,22,-2,16,-,-
970,Oliver Okonkwo,26,22,-,17,-,-
971,Kris Van Wyk,29,22,-,19,-,-
972,Petros Tsitsipas,26,22,-,20,-,-
973,Jakub Filip,20,22,-2,20,-,-
974,Rafael Tosetto,27,22,+2,23,-,-
975,Adan Freire Da Silva,27,22,-1,25,-,-
976,Benjamin O'Connell,27,22,-1,25,-,-
977,Wishaya Trongcharoenchaikul,31,22,-2,27,-,-
978,Jeremy Gschwendtner,28,22,+2,27,-,-
979,Karim Ibrahim,23,22,-,27,-,-
980,Antoine Escoffier,34,21,-,4,-,-
981,Taym Al Azmeh,22,21,-,10,-,-
982,Micah Braswell,24,21,-,10,-,-
983,Matthew Thomson,26,21,-,13,-,-
984,Axel Garcian,24,21,-,13,-,-
985,Salvador Price,21,21,+3,15,-,-
986,Justin Roberts,29,21,-,16,-,-
987,Markus Malaszszak,22,21,-,18,-,-
988,Mwendwa Mbithi,28,21,-3,19,-,-
989,Julian Cundom,25,21,-,20,-,-
990,Aditya Vishal Balsekar,23,21,-1,21,-,-
991,Andrea Colombo,23,21,+4,22,-,-
992,Alexandre Aubriot,27,21,-7,22,-,-
993,Yuta Tomida,19,21,-,23,-,-
994,Niklas Schell,27,21,+2,24,-,-
995,Martin Borisiouk,26,20,-3,6,-,-
996,Aoran Wang,29,20,-,9,-,-
997,Yun seong Chung,28,20,+5,10,-,-
998,Lars Goran Verwerft,23,20,+14,11,-,-
999,Elgin Khoeblal,24,20,-,12,-,-
1000,Ajeet Rai,27,20,+1,12,-,-
1001,Peter Buldorini,22,20,+1,15,-,-
1002,Enzo Kohlmann De Freitas,19,20,-3,15,-,-
1003,Gabriele Pennaforti,25,20,-17,15,-,-
1004,Niklas Guttau,26,20,+3,17,-,-
1005,Duje Markovina,18,20,-,18,-,-
1006,Hazem Naw,26,20,-,19,-,-
1007,Sydney Zick,19,20,-,20,-,-
1008,Nikita Ianin,24,20,-,23,-,-
1009,David Eichenseher,20,20,-,24,-,-
1010,Louis Larue,22,20,-4,25,-,-
1011,Nicolas Bruna,27,20,+1,27,-,-
1012,Tadeas Paroulek,26,19,-10,7,-,-
1013,Cezar Gabriel Papoe,18,19,-2,9,-,-
1014,Joaquin Guilleme,20,19,-,10,-,-
1015,Chanyeong Oh,28,19,-2,11,-,-
1016,Artur Kukasian,22,19,-1,14,-,-
1017,Alexandre Reco,27,19,-,14,-,-
1018,Mathieu Scaglia,27,19,+1,18,-,-
1019,Ezequiel Monferrer,23,19,+1,19,-,-
1020,Aljaz Jeran,22,19,-1,21,-,-
1021,Luka Talan Lopatic,18,19,+1,21,-,-
1022,Niccolò Ciavarella,22,19,-2,23,-,-
1023,Nicolas Parizzia,27,19,+1,23,-,-
1024,Younes Lalami,25,19,-6,23,-,-
1025,Benjamin Thomas George,23,19,-3,24,-,-
1026,Leyton Rivera,24,19,+2,33,-,-
1027,Rethin Pranav Senthil Kumar,19,18,-,4,-,-
1028,Devin Badenhorst,22,18,-,5,-,-
1029,JiSung Nam,33,18,-,7,-,-
1030,Dante Pagani,18,18,-,10,-,-
1031,Mikael Arseneault,19,18,-1,10,-,-
1032,Tudor Batin,19,18,-,12,-,-
1033,Diego Augusto Barreto Sanchez,24,18,-2,13,-,-
1034,Ruslan Tiukaev,21,18,+3,17,-,-
1035,Geun Jun Kim,25,18,+1,17,-,-
1036,Fanming Meng,18,18,+1,20,-,-
1037,Pietro Romeo Scomparin,25,18,+1,21,-,-
1038,Nicolas Ifi,28,18,+1,23,-,-
1039,Matthias Ujvary,22,18,+8,25,-,-
1040T,Thanaphat Boosarawongse,20,17,+1,4,-,-
1040T,Joaquim de Almeida,24,17,-,4,-,-
1042,Luis Felipe Miguel,22,17,-8,6,-,-
1043,Alex Kuperstein,27,17,-,8,-,-
1044,Segundo Goity Zapico,21,17,-,9,-,-
1045,Liam Gavrielides,22,17,+4,12,-,-
1046,Qian Sun,25,17,-7,14,-,-
1047,Christopher Papa,25,17,-,14,-,-
1048,Justin Schlageter,25,17,+1,15,-,-
1049,Yan Cheng Chen,24,17,-,17,-,-
1050,Fons Van Sambeek,24,17,-1,17,-,-
1051,Zach Stephens,20,17,-,20,-,-
1052,Stefan Vujic,28,17,-1,20,-,-
1053,Volodymyr Iakubenko,21,17,-1,22,-,-
1054,Mihai Razvan Marinescu,24,17,-3,24,-,-
1055,Preston Brown,25,17,-,27,-,-
1056,Albert Ramos-Vinolas,38,16,-,3,-,-
1057,Matteo Gigante,24,16,-,3,-,-
1058,Alexander Rozin,21,16,-,5,-,-
1059,Vlad Cristian Breazu,22,16,+13,7,-,-
1060,Gianluca Brunkow,23,16,-,7,-,-
1061,Bautista Vilicich,24,16,-1,9,-,-
1062,Stefan Seifert,41,16,-,12,-,-
1063,Nikola Djosic,18,16,-,13,-,-
1064,Shintaro Imai,32,16,-,13,-,-
1065,Jumpei Yamasaki,29,16,-2,14,-,-
1066,Evgeny Philippov,24,16,-,15,-,-
1067,Johan Oscar Lien,18,16,-,16,-,-
1068,Rigele Te,28,16,-3,17,-,-
1069,Ammar Alhogbani,27,16,-1,18,-,-
1070,Joao Vitor Scramin Do Lago,20,16,-,19,-,-
1071,Sergi Fita Juan,19,16,-1,19,-,-
1072,Mateo Del Pino,23,16,+1,19,-,-
1073,Melih Anavatan,20,16,-,22,-,-
1074,Pavlos Tsitsipas,21,16,-3,25,-,-
1075,David Pichler,30,15,-,2,-,-
1076,Asahi Harazaki,22,15,-1,4,-,-
1077,Christian Sigsgaard,29,15,-3,5,-,-
1078,Damien Wenger,26,15,-,6,-,-
1079T,Dominick Mosejczuk,19,15,-,6,-,-
1079T,Oliver Ojakaar,21,15,-,6,-,-
1081,Billy Blaydes,22,15,+4,6,-,-
1082,Sebastian Dominko,23,15,+1,7,-,-
1083,Alejandro Hayen,28,15,-,8,-,-
1084,Simeon Stankovic,19,15,-1,9,-,-
1085,Maan Kesharwani,25,15,+2,11,-,-
1086,Nicolas Arseneault,19,15,-,12,-,-
1087,Francesco Ferrari,29,15,+1,14,-,-
1088,Mathys Picard,18,15,-,15,-,-
1089,Jonas Eriksson Ziverts,27,15,-,15,-,-
1090,Brian Bozemoj,22,15,-1,16,-,-
1091,James Van Herzeele,23,15,-,17,-,-
1092,Diego Fernandez Flores,25,15,-,17,-,-
1093,Filippo Mazzola,21,15,-1,18,-,-
1094,Rafael De Alba,24,15,-,18,-,-
1095,Vladislav Melnic,27,15,-,20,-,-
1096,Christian Djonov,26,15,+1,23,-,-
1097,William Manning,21,14,-,5,-,-
1098,Benjamin Winter Lopez,28,14,-,5,-,-
1099,Filip Krolo,25,14,-,6,-,-
1100,Simon Reveniau,28,14,-,6,-,-
1101,David Poljak,30,14,-,7,-,-
1102,Lautaro Agustin Falabella,28,14,-,8,-,-
1103,Kacper Szymkowiak,21,14,-9,9,-,-
1104,Lucas Marionneau,20,14,-1,9,-,-
1105,Adrien Gobat,25,14,-2,9,-,-
1106T,Valentin Basel,22,14,-,14,-,-
1106T,Linang Xiao,26,14,-,14,-,-
1108,Lachlan James Mcfadzean,19,14,-,15,-,-
1109,Gabriele Crivellaro,19,14,+4,15,-,-
1110,Daniel Uta,19,14,-,17,-,-
1111,Nicolas Garcia Longo,21,14,-,17,-,-
1112,Viktor Frydrych,20,14,-1,18,-,-
1113,Lucca Helguera Casado,20,14,-,18,-,-
1114,Jeremy Schifris,24,14,-,20,-,-
1115,Ali Habib,23,14,-1,21,-,-
1116,Mohamed Nazim Makhlouf,29,14,-1,22,-,-
1117,Enzo Camargo Lima,22,14,-1,24,-,-
1118,Kody Pearson,27,13,-,2,-,-
1119,Damir Zhalgasbay,18,13,+9,4,-,-
1120,Veljko Krstic,22,13,+3,4,-,-
1121,Ilyas Milad Fahim,20,13,-,4,-,-
1122,Clement Lemire,19,13,-,5,-,-
1123,Maximus Dussault,19,13,+7,5,-,-
1124,William Jansen,21,13,-2,6,-,-
1125,Suk Hyun Choo,25,13,-,7,-,-
1126,Jerry Roddick,24,13,-,10,-,-
1127,Denis Petak,20,13,-1,11,-,-
1128,Noah Schachter,26,13,-4,11,-,-
1129,Vincent Dullinger,19,13,+8,12,-,-
1130,Gastao Elias,35,13,-,12,-,-
1131,Joao Vitor Goncalves Ceolin,27,13,-,15,-,-
1132,Thantub Suksumrarn,25,13,-3,17,-,-
1133,Sebastiano Cocola,20,13,-,18,-,-
1134,Giacomo Crisostomo,23,13,-,18,-,-
1135,Makoto Ochi,30,13,-,19,-,-
1136,Iannis Miletich,20,13,+1,21,-,-
1137,Jacopo Bilardo,21,13,-1,22,-,-
1138T,Maximilian Figl,22,13,+1,25,-,-
1138T,Saveliy Ivanov,21,13,-,25,-,-
1140,Mark Ceban,17,12,+11,4,-,-
1141,Matias Ponce De Leon Gomila,23,12,-,4,-,-
1142,Nikita Samuel Filin,20,12,+7,6,-,-
1143,Hugo Car,23,12,-,7,-,-
1144,Jordan Hasson,26,12,-,7,-,-
1145,Mustafa Ege Sik,16,12,-,9,-,-
1146T,Alexander Kotzen,26,12,-,10,-,-
1146T,Rohan Mehra,24,12,-,10,-,-
1148,Zura Tkemaladze,26,12,-,10,-,-
1149,Thiago Agustin Pernas,25,12,-,11,-,-
1150,Kristjan Tamm,28,12,-,11,-,-
1151,Elijah Sanogo,18,12,-,12,-,-
1152,Jan Kupcic,25,12,-,12,-,-
1153,Stefan Cooper,30,12,-,15,-,-
1154,Denis Spiridon,24,12,-2,15,-,-
1155,Vlado Jankanj,20,12,+1,15,-,-
1156,Hiromasa Koyama,18,12,-,16,-,-
1157,Chen Dong,23,12,-4,16,-,-
1158T,Jacob Brumm,27,12,-5,16,-,-
1158T,Antoni Fabre,22,12,-2,16,-,-
1158T,Maxence Rivet,22,12,-1,16,-,-
1161,Billy Suarez,24,12,-,17,-,-
1162,Dev Javia,24,12,-9,17,-,-
1163,Tobia Costanzo Baragiola Mordini,20,12,-,18,-,-
1164,Victor Hugo Remondy Pagotto,21,12,-1,19,-,-
1165,Yuto Oki,20,12,-3,20,-,-
1166,Enzo Couacaud,31,11,-,1,-,-
1167,Vincent Jakob Reisach,17,11,+8,5,-,-
1168,Federico Zeballos,38,11,+2,5,-,-
1169,Stijn Slump,27,11,-8,6,-,-
1170,Yunseok Jang,23,11,-,6,-,-
1171,Alejandro Manzanera Pertusa,23,11,-15,7,-,-
1172,Federico Aguilar Cardozo,21,11,+1,7,-,-
1173,Dominique Rolland,21,11,-,8,-,-
1174,Finn Bass,26,11,-4,8,-,-
1175,Daniil Kakhniuk,23,11,-,8,-,-
1176,Alexander Frusina,20,11,+1,8,-,-
1177,Pranav Karthik,21,11,-,9,-,-
1178,Vuk Radjenovic,21,11,+2,10,-,-
1179,Rocco Valente,22,11,-1,12,-,-
1180,Jaesung Choe,26,11,+1,12,-,-
1181,Evgenii Tiurnev,29,11,-,12,-,-
1182,Filiberto Fumagalli,24,11,+2,12,-,-
1183,Jefferson Wendler Filho,30,11,-,12,-,-
1184,Kazuki Nishiwaki,31,11,-,13,-,-
1185,Thando Longwe-Smit,25,11,-,14,-,-
1186,Felipe De Dios,23,11,-,15,-,-
1187,Alexander Wagner,19,11,-,15,-,-
1188,Udit Kamboj,25,11,-,16,-,-
1189,Jonathan Mridha,31,11,-1,18,-,-
1190,Seongwoo Cho,28,11,-2,18,-,-
1191,Leonardo Primucci,23,11,-1,20,-,-
1192,Ferdinand Livet Novkirichka,18,11,+1,21,-,-
1193,Lorenzo Lorusso,26,11,-1,22,-,-
1194,Ivan Gretskiy,20,11,+1,24,-,-
1195,Nicolo Toffanin,23,11,-,24,-,-
1196,Yassine Smiej,26,11,+1,28,-,-
1197,Borna Coric,29,10,-10,1,-,-
1198,Luis David Martinez,37,10,-,1,-,-
1199,Siddhant Banthia,26,10,-,3,-,-
1200,Filip Pieczonka,22,10,-6,4,-,-
1201,Luc Fomba,27,10,+2,5,-,-
1202,Luc Koenig,23,10,-,5,-,-
1203,Darian King,34,10,-,5,-,-
1204,Tito Chavez,18,10,-,6,-,-
1205,Alexander Klintcharov,29,10,-4,6,-,-
1206,Adam Jilly,19,10,-,7,-,-
1207,Victor Lilov,22,10,-2,7,-,-
1208T,Martin Sabas,24,10,-,8,-,-
1208T,Woobin Shin,22,10,-8,8,-,-
1210,Harold Huens,24,10,-,8,-,-
1211,Julien Penzlin,24,10,+4,9,-,-
1212,Manel Lazaro Juncadella,20,10,-,9,-,-
1213,Viktor Markov,21,10,-3,10,-,-
1214,Tanguy Genier,28,10,-,11,-,-
1215,Theo Herrmann,21,10,-,11,-,-
1216,Vardan Manukyan,21,10,-,11,-,-
1217,Liam Krall,24,10,-,12,-,-
1218,Jiri Cizek,21,10,-1,12,-,-
1219,Arjun Rathi,18,10,-,12,-,-
1220,Oscar Brown,24,10,+3,12,-,-
1221,Edoardo cherie Ligniere,22,10,-4,13,-,-
1222T,Matteo Sciahbasi,19,10,+2,13,-,-
1222T,Flynn Thomas,18,10,+1,13,-,-
1224,Tom Sickenberger,19,10,-,14,-,-
1225,Liam Branger,25,10,-,14,-,-
1226,Hugo Pierre,30,10,-,14,-,-
1227,Benjamin Willwerth,19,10,-,15,-,-
1228,Stefan Ilie Bogdan Petre,17,10,+1,15,-,-
1229,Reece Falck,24,10,-,15,-,-
1230,Edison Ambarzumjan,30,10,-,16,-,-
1231,Alen Mujakic,23,10,-,16,-,-
1232,Noah Lopez Cherubino,19,10,+1,17,-,-
1233,Maxim Shin,23,10,-,18,-,-
1234,Toby Martin,33,10,-1,19,-,-
1235,Timeo Trufelli,18,10,-,22,-,-
1236,Jesse Delaney,27,10,-10,23,-,-
1237,Joshua Peck,27,10,+1,24,-,-
1238T,Gage Brymer,31,9,-,2,-,-
1238T,Amirkhamza Nasridinov,20,9,-4,2,-,-
1238T,Erik Schiessl,22,9,-,2,-,-
1241T,Joris De Loore,33,9,-3,3,-,-
1241T,Keenan Mayo,26,9,-,3,-,-
1243,Landon Ardila,22,9,-,3,-,-
1244T,Niccolo Baroni,22,9,-,4,-,-
1244T,Benito Sanchez Martinez,24,9,-11,4,-,-
1246,Evgeny Karlovskiy,32,9,-,6,-,-
1247,Noah Schlagenhauf,23,9,+3,6,-,-
1248,Noah Johnston,18,9,-,7,-,-
1249T,Youssef Kadiri Hassani,22,9,-,8,-,-
1249T,Koray Kirci,28,9,-,8,-,-
1251,Kevin Edengren,21,9,-,8,-,-
1252T,Fadi Bidan,20,9,-,8,-,-
1252T,Rodrigo Fernandes,19,9,-,8,-,-
1254,Leo Lagarrigue,19,9,+1,9,-,-
1255,Marko Mesarovic,21,9,+1,9,-,-
1256T,James Connel,23,9,-,9,-,-
1256T,Jonas Kucera,19,9,-,9,-,-
1256T,Enzo Wallart,29,9,-5,9,-,-
1259,Pedro Araujo,24,9,-3,10,-,-
1260,Matei Florin Breazu,18,9,-1,11,-,-
1261,Abhinav Sanjeev Shanmugam,27,9,-,12,-,-
1262,Enrique Carrascosa Diaz,18,9,-1,12,-,-
1263,Mac Visser,21,9,+2,13,-,-
1264,Valentin Lapalu,24,9,-2,14,-,-
1265,Lorenzo Beraldo,19,9,-,15,-,-
1266,James Beaven,21,9,-1,15,-,-
1267,Leonardo Borrelli,21,9,-,16,-,-
1268,Piet Luis Pinter,21,9,-1,18,-,-
1269T,Chirag Duhan,22,9,-,18,-,-
1269T,Luke Hooper,20,9,-,18,-,-
1271,Gabriel Schenekenberg,21,9,-,19,-,-
1272,Duckhee Lee,28,9,-13,20,-,-
1273,Jan Hrazdil,21,9,+1,23,-,-
1274,Duarte Vale,27,8,-,1,-,-
1275T,Oscar Otte,33,8,-4,2,-,-
1275T,Elijah Strode,24,8,-,2,-,-
1277,Niksa Arsic,21,8,-,2,-,-
1278,Zack Viiala,20,8,-,3,-,-
1279T,Boris Arias,32,8,-1,3,-,-
1279T,Paul Barbier Gazeu,21,8,-,3,-,-
1279T,Roan Jones,22,8,-1,3,-,-
1279T,Takeru Yuzuki,27,8,-,3,-,-
1283,Julian Alonso Jr,21,8,-,3,-,-
1284,Tanishk Konduri,17,8,-,4,-,-
1285,Aleksa Pisaric,20,8,+2,4,-,-
1286,Matias Reyniak,17,8,-,5,-,-
1287,Bozo Barun,25,8,-,5,-,-
1288,Alex Chang,22,8,-4,5,-,-
1289,Patrik Munkhammar,19,8,-,5,-,-
1290,Luca Preda,20,8,-1,6,-,-
1291,Toby Kodat,23,8,-2,6,-,-
1292,Uladzimir Ignatik,36,8,-,6,-,-
1293,Pedro Rodrigues,20,8,-,6,-,-
1294,Gavin Goode,18,8,-,7,-,-
1295,Skander Mansouri,31,8,-,7,-,-
1296T,Diego Jarry Fillol,23,8,-,8,-,-
1296T,Jack Satterfield,19,8,-,8,-,-
1298,Sebastian Fanselow,34,8,-2,8,-,-
1299,Oliver Anderson,28,8,-,8,-,-
1300,Lev Seidman,18,8,-,9,-,-
1301,Ethan Cook,23,8,-1,9,-,-
1302,Louis Tessa,28,8,-,9,-,-
1303,Adam Lynch,22,8,-,10,-,-
1304,William Mirarchi,20,8,-,10,-,-
1305T,Noah Lopez,24,8,-,11,-,-
1305T,Ryota Tanuma,30,8,-,11,-,-
1307,Ishaque Eqbal,28,8,-,11,-,-
1308,Marcel Kamrowski,23,8,-3,12,-,-
1309,Remy Dugardin,23,8,-,13,-,-
1310,Diogo Marques,27,8,-1,13,-,-
1311,Ashton Mcleod,19,8,-,13,-,-
1312,Leonid Sheyngezikht,25,8,-,14,-,-
1313,Mohamed Ali Abibsi,24,8,-,14,-,-
1314T,Aleksander Chayka,21,8,-,15,-,-
1314T,Amine Jamji,19,8,-,15,-,-
1316,Xing Dao Chen,22,8,-,16,-,-
1317,Andrea Bacaloni,24,8,+2,16,-,-
1318,Noel Larwig,24,8,-2,17,-,-
1319,Boris Butulija,27,8,-1,18,-,-
1320,Michael Gloeckler,27,8,-,20,-,-
1321,Niklas Waldner,24,8,-,22,-,-
1322,Max Sheldon,23,7,+7,1,-,-
1323T,Aren Baybars,18,7,-,2,-,-
1323T,Lambert Ruland,23,7,-,2,-,-
1325,Trey Hilderbrand,26,7,-2,2,-,-
1326T,Andrej Loncarevic,20,7,-,2,-,-
1326T,Preston Stearns,22,7,-,2,-,-
1328T,Gregoire Barrere,32,7,-,3,-,-
1328T,Mitchell Sheldon,20,7,-,3,-,-
1330,Stefan Latinovic,26,7,-,3,-,-
1331T,Szymon Kielan,23,7,-,3,-,-
1331T,Patrik Niklas-Salminen,29,7,-,3,-,-
1333,Facundo Juarez,28,7,-18,4,-,-
1334,Jeremy Zhang,21,7,-,5,-,-
1335,Mathys Domenc,17,7,-,5,-,-
1336T,Santiago Giamichelle,22,7,-,6,-,-
1336T,Phillip Jordan,25,7,-,6,-,-
1336T,Stian Klaassen,23,7,+1,6,-,-
1339T,Mathis Bondaz,24,7,-3,6,-,-
1339T,Roberto Cid Subervi,32,7,-,6,-,-
1341,David Fix,21,7,+4,7,-,-
1342,Felipe Virgili,21,7,-,7,-,-
1343,Shu Muto,20,7,-,7,-,-
1344,Jerrid Gaines Jr,17,7,-,8,-,-
1345,Oswaldo Alejandro Reyes Tirado,19,7,-,8,-,-
1346T,Alessandro Battiston,19,7,-,8,-,-
1346T,Nemanja Malesevic,25,7,-,8,-,-
1348,Vishnu Vardhan,39,7,-,8,-,-
1349,Ymerali Ibraimi,17,7,-,8,-,-
1350,Leonardo Malgaroli,24,7,-1,9,-,-
1351,Bernardo Munk Mesa,20,7,-,9,-,-
1352,Yuttana Charoenphon,26,7,-,9,-,-
1353T,Zangar Nurlanuly,18,7,-,10,-,-
1353T,Sungbeen Sim,29,7,-2,10,-,-
1355T,Bora Sengul,24,7,-,10,-,-
1355T,Alexander Zgirovsky,25,7,-,10,-,-
1357,Pierre Antoine Tailleu,22,7,-1,11,-,-
1358T,Nikolas Stoot,18,7,-,11,-,-
1358T,Drew Van Orderlain,32,7,-,11,-,-
1360,Dillon Beckles,20,7,-,11,-,-
1361,Blu Baker,24,7,-15,11,-,-
1362,Alvaro Peiro Serrano,22,7,-,12,-,-
1363T,Mikail Alimli,23,7,-,12,-,-
1363T,Andrin Casanova,22,7,+3,12,-,-
1363T,Noah Karma,18,7,-,12,-,-
1363T,Joao Silva,19,7,-,12,-,-
1367,Alessio Basile,22,7,+1,12,-,-
1368,Nikola Jovic,19,7,-1,12,-,-
1369,Benoit Torcq,21,7,+4,13,-,-
1370T,Valentino Grippo,19,7,-,13,-,-
1370T,Gray Voelzke,24,7,-1,13,-,-
1372,Rafael Giotis,25,7,-,13,-,-
1373,Taketo Takamisawa,28,7,-,14,-,-
1374,Edouard Villoslada,26,7,-1,15,-,-
1375,Ty Host,19,7,-1,16,-,-
1376,Matteo Fondriest,21,7,-,16,-,-
1377,Kacper Knitter,19,7,-1,17,-,-
1378T,Aaron Gil Garcia,22,7,-1,17,-,-
1378T,Roman Kharlamov,19,7,-,17,-,-
1380,Tomohiro Masabayashi,28,7,-,18,-,-
1381T,Yannik Alvarez,17,6,-,2,-,-
1381T,Daniel Cukierman,31,6,-,2,-,-
1381T,Ramkumar Ramanathan,31,6,-,2,-,-
1381T,Kaito Uesugi,31,6,-,2,-,-
1385,Arthur Reymond,27,6,-1,2,-,-
1386,Moritz Kudernatsch,21,6,-,3,-,-
1387T,Sergio Luis Hernandez Ramirez,26,6,-,4,-,-
1387T,Alberto Lim,27,6,-,4,-,-
1389,Connor Thomson,25,6,-1,4,-,-
1390,Artem Alekseychuk,21,6,-,5,-,-
1391,Neo Niedner,23,6,-1,5,-,-
1392,Adam Majchrzak,20,6,+1,5,-,-
1393,Pablo Perez Navarro,18,6,+3,6,-,-
1394,Juan Carlos Aguilar,27,6,-,6,-,-
1395,Jasza Szajrych,24,6,-,6,-,-
1396,Muzammil Murtaza,26,6,-,7,-,-
1397,Mariano Tammaro,22,6,-,7,-,-
1398T,Shu Matsuoka,22,6,-4,7,-,-
1398T,Marko Milosavljevic,19,6,-,7,-,-
1398T,Lasse Poertner,20,6,-,7,-,-
1401,Naoki Tajima,25,6,-,7,-,-
1402T,Jesse De Jager,24,6,-,8,-,-
1402T,Frazier Rengifo,27,6,-,8,-,-
1404T,Achilles Belkovics,22,6,-,8,-,-
1404T,Daniel Jovanovski,18,6,-,8,-,-
1404T,Miha Vetrih,23,6,-,8,-,-
1407,Mihai Alexandru Coman,21,6,-,9,-,-
1408T,Alessandro Bellifemine,25,6,-,9,-,-
1408T,Dakotah Bobo,23,6,+2,9,-,-
1408T,Gus Grumet,18,6,-,9,-,-
1411T,Peter Alam,24,6,-,9,-,-
1411T,Sebastian Grundtvig Jorgensen,25,6,+1,9,-,-
1413,Lorenzo Berto,19,6,-,10,-,-
1414,Sergey Petrov,21,6,-,10,-,-
1415T,Ammar Elamin,24,6,-,10,-,-
1415T,Mak Mikovic,20,6,-,10,-,-
1417,Victor Braga,21,6,-,11,-,-
1418,Madhwin Kamath,24,6,-,11,-,-
1419,Giammarco Gandolfi,22,6,-,11,-,-
1420T,Ezekiel Clark,28,6,-,11,-,-
1420T,Juan Bautista Otegui,27,6,+1,11,-,-
1422,Sven Corbinais,23,6,+1,11,-,-
1423,Ivan Biletic,19,6,-,12,-,-
1424,Gian Marco Ortenzi,26,6,-,12,-,-
1425,Henry Lieberman,26,6,-,12,-,-
1426,Parth Aggarwal,28,6,-,13,-,-
1427T,Dmitry Bessonov,20,6,-,13,-,-
1427T,Lucca Pinto,23,6,-,13,-,-
1429T,Corban Crowther,23,6,-,14,-,-
1429T,Radovan Michalik,23,6,-2,14,-,-
1431,Arjun Mehrotra,29,6,-,14,-,-
1432,Vito Dell'Elba,27,6,-1,14,-,-
1433,Richard Antoni,21,6,-1,15,-,-
1434,Charles Chen,18,6,-,16,-,-
1435,Arthur Bellegy,25,6,+1,16,-,-
1436,Alexey Aleshchev,27,6,+1,17,-,-
1437,Matas Vasiliauskas,24,6,-3,21,-,-
1438,Henry Jefferson,20,5,-,3,-,-
1439T,Oliver Majdanzic,18,5,+2,3,-,-
1439T,Ryan James Storrie,28,5,-1,3,-,-
1441T,Alejandro Garcia Carbajal,24,5,-,4,-,-
1441T,Santiago Lora,18,5,-,4,-,-
1443,Eli Stephenson,21,5,-,4,-,-
1444,Massimo Pizzigoni,20,5,+2,4,-,-
1445,Haydar Cem Gokpinar,19,5,-,5,-,-
1446,Michael Savano,18,5,+2,5,-,-
1447T,Andrea Paolini,23,5,+2,5,-,-
1447T,Jakub Vrba,21,5,-,5,-,-
1449,Benjamin Chelía,18,5,-,5,-,-
1450T,Xirui Han,20,5,-,6,-,-
1450T,Niels Peter Van Noord,26,5,-,6,-,-
1452,Lucca Liu,22,5,-1,6,-,-
1453,Loan Lestir,20,5,-,6,-,-
1454T,Ignacio Antonio Becerra Otarola,25,5,-,6,-,-
1454T,Matisse Farzam,19,5,-,6,-,-
1454T,Damien Salvestre,24,5,-,6,-,-
1457,Matthieu Chambonniere,22,5,+1,6,-,-
1458T,Hayden Jones,19,5,-4,7,-,-
1458T,Matthew Segura,25,5,-,7,-,-
1460T,Toshiki Karigyo,24,5,-,7,-,-
1460T,Tomas Lanik,24,5,-,7,-,-
1460T,Zhao Zhao,26,5,-,7,-,-
1463,Kabir Hans,25,5,-1,8,-,-
1464T,Adrien Burdet,24,5,-,8,-,-
1464T,Hugo Maia,25,5,-,8,-,-
1464T,Andreas Timini,20,5,-,8,-,-
1467,Jake Dembo,18,5,-,8,-,-
1468T,Jonas Pelle Hartenstein,25,5,-,8,-,-
1468T,Nathan Ponwith,28,5,-3,8,-,-
1470,Minghui Zhang,21,5,-1,9,-,-
1471,Ye Chen,19,5,-,9,-,-
1472T,Bautista De La Pena,17,5,-,9,-,-
1472T,Juan Ignacio Gallego,19,5,-,9,-,-
1472T,Raghav Jaisinghani,28,5,-,9,-,-
1475,Toprak Avcibasi,22,5,-,10,-,-
1476,Pierre Antoine Faut,18,5,-,10,-,-
1477T,Breno Braga,21,5,-,10,-,-
1477T,Vadym Konovchuk,23,5,-,10,-,-
1477T,Nik Mikovic,21,5,-,10,-,-
1480T,Andrea M'Chich,20,5,-,10,-,-
1480T,Riku Takahata,24,5,-1,10,-,-
1480T,Antonio Voljavec,20,5,-,10,-,-
1483T,Filippo Francesco Garbero,17,5,-,11,-,-
1483T,Melvin Kumar,20,5,-1,11,-,-
1485,Ewen Lumsden,26,5,-,11,-,-
1486,Adrian Arcon,25,5,+1,12,-,-
1487T,Alessandro Coccioli,24,5,-,12,-,-
1487T,Volodymyr Gurenko,18,5,-,12,-,-
1487T,Ivan Iutkin,19,5,-,12,-,-
1490,Stefan Storch,24,5,-,12,-,-
1491,Sergio Planella Hernandez,19,5,-,14,-,-
1492,Liam Delicata,25,5,-,15,-,-
1493T,Hitesh Chauhan,18,5,-,16,-,-
1493T,Karim Mabrouk,19,5,-,16,-,-
1495,Noah Thurner,26,5,-1,17,-,-
1496,Ioannis Kountourakis,23,5,-,18,-,-
1497,Noah Perfetti,25,5,-,18,-,-
1498T,Semen Aginskiy,21,4,-,1,-,-
1498T,Sebastian Eriksson,21,4,-,1,-,-
1498T,Guy Orly Iradukunda,30,4,-,1,-,-
1498T,Jagger Leach,19,4,-,1,-,-
1498T,Theodore Winegar,25,4,-,1,-,-
1503,Guglielmo Verdese,20,4,-,2,-,-
1504T,Jeremy Beale,31,4,-,2,-,-
1504T,Jody Maginley,31,4,-,2,-,-
1504T,Togan Tokac,22,4,-,2,-,-
1507,Thijmen Loof,24,4,-,2,-,-
1508T,Filip Gustafsson,21,4,-1,3,-,-
1508T,Donghyun Hwang,18,4,+4,3,-,-
1508T,Sho Katayama,37,4,-,3,-,-
1508T,Angel Veliz,18,4,-,3,-,-
1512,Petar Jovanovic,23,4,-,3,-,-
1513T,John Bothma,18,4,-,3,-,-
1513T,Adil Kalyanpur,26,4,-,3,-,-
1513T,Logan Zapp,24,4,+1,3,-,-
1516T,Rahul Dhokia,26,4,-,4,-,-
1516T,Ludovico Vaccari,21,4,-,4,-,-
1518T,Raffaele Ciurnelli,18,4,-,4,-,-
1518T,Egor Gerasimov,33,4,-8,4,-,-
1520T,Manvydas Balciunas,20,4,-,4,-,-
1520T,Yeonsu Jeong,19,4,-,4,-,-
1520T,Vit Kalina,21,4,-,4,-,-
1520T,Heorhii Shylov,18,4,-,4,-,-
1524,Bengt Johan Reinhard,19,4,+2,4,-,-
1525,Hugo Coquelin,20,4,+1,5,-,-
1526T,Patricio Alvarado,36,4,-,5,-,-
1526T,Lucas Bouquet,29,4,-,5,-,-
1526T,Teodor Davidov,15,4,-,5,-,-
1526T,Mauricio Echazu,37,4,-,5,-,-
1526T,Matic Kriznik,20,4,-,5,-,-
1526T,Junhyeon Lee,24,4,-,5,-,-
1526T,Arnav Vijay Paparkar,18,4,+2,5,-,-
1526T,Davide Pontoglio,34,4,-,5,-,-
1526T,Kai-I Wang,22,4,-,5,-,-
1535,Stepan Baum,23,4,-,6,-,-
1536,Martyn Pawelski,21,4,-,6,-,-
1537T,Tristan Berard,22,4,-,6,-,-
1537T,Ruben Hartig,23,4,-,6,-,-
1537T,Rodolfo Jauregui Sainz de Rozas,32,4,-,6,-,-
1537T,Alex Jones,27,4,-,6,-,-
1537T,Karlo Kajin,26,4,-,6,-,-
1542T,Mateo Luis Alvarez Sarmiento,21,4,-,6,-,-
1542T,Bill Chan,20,4,-2,6,-,-
1542T,Zane Stevens,20,4,-1,6,-,-
1545,Rhys Lawlor,17,4,-,7,-,-
1546T,Ryan Augusto Dos Santos,23,4,-1,7,-,-
1546T,Joe Leather,25,4,-,7,-,-
1548,Francisco Tomas Geschwind,23,4,-,7,-,-
1549,Nicola Rispoli,29,4,-,8,-,-
1550T,Oskari Eerola,24,4,-,8,-,-
1550T,Albert Pedrico Kravtsov,21,4,-11,8,-,-
1552T,Yua Taka,23,4,-,8,-,-
1552T,Elias Julian Werner,23,4,-,8,-,-
1554,Emon Van Loben Sels,21,4,-25,9,-,-
1555T,Savva Rybkin,17,4,-,9,-,-
1555T,Tyler Stice,26,4,-,9,-,-
1555T,Laurence Teunissen,17,4,-3,9,-,-
1558T,Valentin Garay,19,4,-,9,-,-
1558T,Sean Hodkin,27,4,-,9,-,-
1558T,Weiwen Pan,20,4,-2,9,-,-
1558T,Nicolas Esteban Rico Arias,25,4,-,9,-,-
1562,Aryan Lakshmanan,21,4,-,10,-,-
1563T,Emirhan Bulut,20,4,-,10,-,-
1563T,Yuquan Jin,25,4,-2,10,-,-
1565,Daisuke Sumizawa,27,4,-4,10,-,-
1566T,Silvio Mencaglia,21,4,-,11,-,-
1566T,Kosuke Shibano,30,4,-,11,-,-
1568T,Tadeo Meneo,21,4,-,12,-,-
1568T,Aldin Setkic,38,4,-,12,-,-
1570,Xavi Palomar,18,4,-,13,-,-
1571T,Carlos Giraldi,21,4,-,13,-,-
1571T,Benjamin Gusic - Wan,18,4,-,13,-,-
1573,Joao Graca,25,4,-,13,-,-
1574T,Luis Garcia Paez,20,4,-,16,-,-
1574T,Gilberto Ravasio,21,4,-1,16,-,-
1576T,Bienvenue Bolangi,24,3,-,1,-,-
1576T,Tyler Bowers,23,3,+3,1,-,-
1576T,Luis Britto,33,3,-,1,-,-
1576T,Loren Thomas Byers,24,3,-,1,-,-
1576T,Connor Church,19,3,-,1,-,-
1576T,Connor Doig,18,3,-,1,-,-
1576T,Samir Iftikhar,34,3,-,1,-,-
1576T,Aradhya Kshitij,17,3,-,1,-,-
1576T,Courtney John Lock,29,3,-,1,-,-
1576T,William Mroz,23,3,-,1,-,-
1576T,Mark Whitehouse,33,3,-,1,-,-
1587T,Georgi Georgiev,19,3,-,2,-,-
1587T,Oscar Andres Martinez De Freitas,20,3,-,2,-,-
1587T,Alexander Ikenna Okonkwo,21,3,+3,2,-,-
1587T,Guillermo Tunas,25,3,-,2,-,-
1591T,Didrik Liljekvist,24,3,+2,2,-,-
1591T,Alejo Lorenzo Lingua Lavallen,25,3,-,2,-,-
1591T,Miguel Angel Machado,20,3,-,2,-,-
1591T,Wojciech Marek,25,3,+2,2,-,-
1591T,Mario Martinez Serrano,22,3,-5,2,-,-
1596T,Yousaf Khalil,27,3,-,3,-,-
1596T,Thai-Son Kwiatkowski,31,3,-,3,-,-
1598T,Valentino Conte,21,3,-,3,-,-
1598T,Ivan Denisov,26,3,-,3,-,-
1598T,Romain Gales,22,3,-,3,-,-
1598T,Patrik Meszaros,20,3,-,3,-,-
1598T,Alexander Petrov,24,3,-,3,-,-
1598T,Daniel Phillips,21,3,-,3,-,-
1598T,Oliver Sanders,18,3,-,3,-,-
1598T,Benjamin Torres,22,3,-,3,-,-
1598T,Iker Urribarrens Ramirez,22,3,-,3,-,-
1607T,Alex Huszar,18,3,-,3,-,-
1607T,Pawel Juszczak,32,3,-2,3,-,-
1607T,Aleksandar Mihailovic,24,3,-,3,-,-
1610,Robert Watzka,20,3,-,4,-,-
1611T,Fantino Alberca De Las Casas,21,3,-,4,-,-
1611T,David Bakonyi,20,3,+1,4,-,-
1611T,Dan Brand,17,3,+1,4,-,-
1611T,Julien De Cuyper,27,3,-,4,-,-
1611T,Hao Sheng Koay,28,3,-,4,-,-
1611T,Yannic Nittmann,19,3,-,4,-,-
1611T,Henrique Ortenblad Nogueira,23,3,-,4,-,-
1611T,Rudy Quan,20,3,-3,4,-,-
1611T,Harrison Satara,19,3,-,4,-,-
1611T,Isac Stroemberg,23,3,-1,4,-,-
1611T,James Weber,19,3,-,4,-,-
1622T,Marco Furlanetto,25,3,-,4,-,-
1622T,Dimitar Kisimov,18,3,-,4,-,-
1622T,Cem Christopher Kucukhuseyin,19,3,-,4,-,-
1622T,Karl Kazuma Lee,23,3,-,4,-,-
1622T,Petr Michnev,37,3,-,4,-,-
1622T,Jan Sadzik,18,3,+1,4,-,-
1628T,Suk Ann,24,3,+2,5,-,-
1628T,Lorenzo Balducci,18,3,-,5,-,-
1628T,Alexander Bernard,23,3,-1,5,-,-
1628T,Kuzey Cekirge,26,3,-,5,-,-
1628T,Nicholas Godsick,21,3,-4,5,-,-
1628T,Seonyong Han,25,3,+2,5,-,-
1628T,Marcel Latak,17,3,-,5,-,-
1628T,Peetu Pohjola,25,3,-,5,-,-
1628T,Aleksandre Shvangiradze,20,3,-,5,-,-
1628T,Facundo Yunis,24,3,-,5,-,-
1638T,Nathan Cox,22,3,-,5,-,-
1638T,Daniel Khazime,21,3,-,5,-,-
1638T,Rihards Neimanis,18,3,-,5,-,-
1638T,Ilija Palavestra,19,3,-,5,-,-
1638T,Michalis Sakellaridis,25,3,-,5,-,-
1638T,Antonin Witz,18,3,-,5,-,-
1644,Gustavo Albieri,18,3,-1,6,-,-
1645T,Gregor Hausberger,23,3,+2,6,-,-
1645T,Gabor Hornung,21,3,-,6,-,-
1645T,Vid Mohar,20,3,-,6,-,-
1645T,Jirat Navasirisomboon,29,3,-,6,-,-
1649T,Noah Brownrigg,19,3,-,6,-,-
1649T,Piotr Galus,25,3,-,6,-,-
1649T,Ludvig Fredrik Hede,19,3,-,6,-,-
1649T,Simone Massellani,18,3,-,6,-,-
1649T,Roman Postolka,27,3,-,6,-,-
1649T,Alessandro Spadola,23,3,+1,6,-,-
1655,Deney Wassermann,25,3,-,7,-,-
1656T,Dax Donders,26,3,-,7,-,-
1656T,Allan Gatoto,19,3,-,7,-,-
1656T,Odysseas Geladaris,18,3,+3,7,-,-
1656T,Nicolas Hollender,24,3,-,7,-,-
1656T,Weiyi Kong,18,3,-,7,-,-
1656T,Santiago Pesino,19,3,+1,7,-,-
1656T,Amador Salazar,25,3,-1,7,-,-
1663T,Mahmoud Chetouane,18,3,-,7,-,-
1663T,Pedro Andre De Almeida Santos,22,3,-,7,-,-
1663T,Valentin Guadagno,20,3,-,7,-,-
1663T,Shanker Heisnam,19,3,-,7,-,-
1663T,Rodrigo Leal,18,3,-,7,-,-
1663T,Jules Leroux,21,3,-,7,-,-
1663T,Gheorghe Claudiu Schinteie,24,3,-,7,-,-
1663T,Dmytro Shirokyi,20,3,-,7,-,-
1663T,Justas Trainauskas,24,3,-,7,-,-
1672T,Hugo Hashimoto,23,3,-,8,-,-
1672T,Shaoyun Liu,24,3,-,8,-,-
1674T,Chun-Chien Hou,20,3,-1,8,-,-
1674T,Evangelos Kypriotis,23,3,-,8,-,-
1674T,Ren Nakamura,31,3,-,8,-,-
1674T,Matei Todoran,18,3,-,8,-,-
1678T,Arian Barbic,17,3,+2,9,-,-
1678T,Manuel Mouilleron Salvo,23,3,-,9,-,-
1678T,Samuele Seghetti,20,3,-2,9,-,-
1681T,Mario Arce Fernandez,20,3,-,9,-,-
1681T,Pijus Vaitiekunas,23,3,-2,9,-,-
1681T,Edoardo Zanada,25,3,-,9,-,-
1684T,Daniel Domingos,19,3,-,10,-,-
1684T,Valentin Gonzalez-Galino,17,3,-,10,-,-
1684T,Dorian Tremblay,24,3,-,10,-,-
1687T,Pablo Aunion,19,3,-,10,-,-
1687T,Daniel Bagnolini,23,3,-3,10,-,-
1687T,Alan Bojarski,23,3,-1,10,-,-
1687T,Leonardo Cattaneo,20,3,-1,10,-,-
1687T,Alejandro Lopez Escribano,20,3,-,10,-,-
1687T,Karol Malirz,23,3,-,10,-,-
1687T,Caheer Warik,20,3,+1,10,-,-
1694,Andrei Kunitsyn,21,3,-,12,-,-
1695T,Carl Holder,20,3,-,12,-,-
1695T,Alp Horoz,31,3,-1,12,-,-
1695T,Tomas Jordi Leston,22,3,-,12,-,-
1695T,David Naharro,22,3,-,12,-,-
1695T,Cagan Efe Tufekci,22,3,-,12,-,-
1695T,Louis Van Herck,27,3,-,12,-,-
1701T,Jack Bruce-Smith,24,3,-3,13,-,-
1701T,Adam Farag Cao,18,3,-,13,-,-
1701T,Jeffrey Fradkin,24,3,-,13,-,-
1701T,Fumin Jiang,18,3,-,13,-,-
1701T,Drazen Petrovic,23,3,-1,13,-,-
1701T,Esteban Talavera Cortes,21,3,-,13,-,-
1707,Tymur Bieldiugin,20,3,-1,14,-,-
1708T,Lawrence Bataljin,30,3,-,15,-,-
1708T,Federico Valle,26,3,-,15,-,-
1708T,Xiaoyin Yang,21,3,-3,15,-,-
1711T,Yuichiro Inui,31,3,-2,17,-,-
1711T,Daniel Verbeek,22,3,-1,17,-,-
1713T,Imran Daniel Abd Hazli,21,2,-,1,-,-
1713T,Justin Barki,26,2,-1,1,-,-
1713T,Nour Fathalla,20,2,-,1,-,-
1713T,Evan King,34,2,+2,1,-,-
1713T,Nathaniel Lammons,33,2,-,1,-,-
1713T,Hanlei Lu,17,2,+2,1,-,-
1713T,Mario Mansilla Diez,24,2,-,1,-,-
1713T,Pablo Manzano Lapuerta,24,2,-,1,-,-
1713T,Diego Munoz,20,2,-,1,-,-
1713T,Tanapatt Nirundorn,22,2,-,1,-,-
1713T,Ignacio Novo,26,2,-,1,-,-
1713T,Bruno Pujol Navarro,24,2,-,1,-,-
1713T,Aniss Rafiq,22,2,-,1,-,-
1713T,Pietro Ricci,18,2,-,1,-,-
1713T,Cristian Rodriguez,36,2,-,1,-,-
1713T,Sebastian Sec,22,2,+2,1,-,-
1713T,Jakub Solarski,21,2,+2,1,-,-
1713T,Oliver Andre Solis Encinas,17,2,-,1,-,-
1713T,Alessio Vasquez,23,2,-1,1,-,-
1713T,Seita Watanabe,25,2,-,1,-,-
1713T,Marcelo Zormann,30,2,-,1,-,-
1713T,Tomas Zurmendi,17,2,-,1,-,-
1735T,Leonardo Aboian,28,2,-2,2,-,-
1735T,Emiliano Aguilera,23,2,-,2,-,-
1735T,Simon Beaupain,27,2,-4,2,-,-
1735T,Ignacio Carou,27,2,-,2,-,-
1735T,Eudald Gonzalez,18,2,-,2,-,-
1735T,Cleeve Harper,25,2,-5,2,-,-
1735T,Jack Loutit,22,2,-1,2,-,-
1735T,Roman Sancilio,19,2,-,2,-,-
1735T,Tanakorn Srirat,24,2,-,2,-,-
1735T,Nathan Trouve,20,2,-,2,-,-
1735T,Andres Urrea,31,2,-,2,-,-
1735T,Kuang Qing Xu,20,2,-,2,-,-
1735T,Boxiong Zhang,19,2,-,2,-,-
1748T,Simone Agostini,29,2,-,2,-,-
1748T,Mehdi Benchakroun,22,2,-,2,-,-
1748T,Bastian Berenz,18,2,-,2,-,-
1748T,Jan Chlodnicki,17,2,+1,2,-,-
1748T,Corey Craig,22,2,-,2,-,-
1748T,Rafalentino Ali Da Costa,16,2,-,2,-,-
1748T,Ignacio De Armas,17,2,-,2,-,-
1748T,Christoph Gayk,20,2,-,2,-,-
1748T,Oliver Johansson,25,2,-,2,-,-
1748T,Botond Kisantal,20,2,-,2,-,-
1748T,Illya Marchenko,38,2,-,2,-,-
1748T,Roberto Perez Socas,18,2,-,2,-,-
1748T,Gregor Ramskogler,27,2,-3,2,-,-
1748T,Agustín Salazar Salazar,22,2,-,2,-,-
1748T,Karue Sell,32,2,-6,2,-,-
1748T,Yaraslav Shyla,33,2,-,2,-,-
1748T,Jan Simonsson,23,2,+1,2,-,-
1748T,Aleksandar Tolev,17,2,+1,2,-,-
1748T,Benjamin Vitter,23,2,-,2,-,-
1767T,Kaan Isik Kosaner,17,2,-,3,-,-
1767T,Benjamin Perez,17,2,-,3,-,-
1767T,Darius Florin Pop,22,2,-,3,-,-
1767T,Ainius Sabaliauskas,23,2,-1,3,-,-
1767T,Cristian Felipe Sanchez Rojas,19,2,-,3,-,-
1767T,Kaua Lorenzo Santos Gava,22,2,-,3,-,-
1767T,Konstantin Zhzhenov,22,2,-,3,-,-
1774T,Marko Bekeni,18,2,-,3,-,-
1774T,Sergey Betov,38,2,-,3,-,-
1774T,Gianluca Carlini,21,2,-,3,-,-
1774T,Antonio Caruso,27,2,-,3,-,-
1774T,Edward Etty,24,2,-,3,-,-
1774T,Adam Kaczmarek,22,2,-,3,-,-
1774T,Min Ho Ko,19,2,-,3,-,-
1774T,Yazid Lahjomri,21,2,-,3,-,-
1774T,Jordan Lee,16,2,-,3,-,-
1774T,Noah Martens,24,2,-,3,-,-
1774T,Matisse Martin,17,2,-,3,-,-
1774T,Gasper Matijasic,19,2,-,3,-,-
1774T,Alejandro Melero Kretzer,21,2,-1,3,-,-
1774T,Milos Mikovic,21,2,-,3,-,-
1774T,Alejandro Moreno,23,2,-,3,-,-
1774T,Charlie Pade,21,2,-,3,-,-
1774T,Minjong Park,24,2,-,3,-,-
1774T,Mikal Statham,39,2,-,3,-,-
1774T,Maximilian Todorov,27,2,-,3,-,-
1793T,Ryusuke Horiuchi,27,2,-,4,-,-
1793T,Jakub Jedrzejczak,20,2,-,4,-,-
1793T,Mika Lipp,22,2,-1,4,-,-
1793T,Novak Novakovic,25,2,-,4,-,-
1793T,S Mert Ozdemir,26,2,-,4,-,-
1793T,Victor Ryden,18,2,+2,4,-,-
1799T,Vesa Ahti,27,2,+1,4,-,-
1799T,Maximilian Borisov,24,2,-,4,-,-
1799T,Gabriele Brancatelli,23,2,+1,4,-,-
1799T,David Cristian Carteputreda,19,2,-,4,-,-
1799T,Woong Bi Lee,21,2,-,4,-,-
1799T,Jordi Mas De Ugarte,31,2,-,4,-,-
1799T,Cing-Yang Meng,28,2,-,4,-,-
1799T,Ali Missoum,17,2,-,4,-,-
1799T,Eyad Reda Ezzat Mohamed Sherif,18,2,-,4,-,-
1799T,Diogo Morais,22,2,-,4,-,-
1799T,Luis Jose Nakamine,20,2,-,4,-,-
1799T,Diego Ortiz Gamonsl,22,2,-,4,-,-
1799T,Hugo Ouzilou,23,2,-,4,-,-
1799T,Seungmin Park,20,2,-,4,-,-
1799T,Derek Pham,22,2,-8,4,-,-
1799T,Lautaro Rocha,19,2,-,4,-,-
1799T,Oliwier Sterniczuk,18,2,-,4,-,-
1799T,Maxime St-Hilaire,23,2,-,4,-,-
1799T,David Tixhon,25,2,-,4,-,-
1799T,Cooper Woestendick,19,2,+1,4,-,-
1799T,Bang Shuo Yin,27,2,-,4,-,-
1820T,Hyu Kawanishi,17,2,-,5,-,-
1820T,Alex Kobelt,29,2,-,5,-,-
1820T,Javier Molino,25,2,-,5,-,-
1820T,Taiki Takizawa,16,2,-,5,-,-
1824T,Marco Alvarez,25,2,-,5,-,-
1824T,Alejandro Arcila,19,2,+1,5,-,-
1824T,Congsup Congcar,30,2,-2,5,-,-
1824T,Louis Dussin,27,2,-,5,-,-
1824T,Hernando Jose Escurra Isnardi,28,2,-1,5,-,-
1824T,Matt Kleiman,25,2,-1,5,-,-
1824T,Daniel Lara Salmeron,25,2,-,5,-,-
1824T,Michal Novansky,24,2,+1,5,-,-
1824T,Kunanan Pantaratorn,18,2,-,5,-,-
1824T,Niels Ratiu,21,2,-4,5,-,-
1824T,Martins Rocens,26,2,-,5,-,-
1824T,Felix Roussel,18,2,-,5,-,-
1824T,Hiroki Sakagawa,25,2,-,5,-,-
1824T,Glib Sekachov,19,2,-4,5,-,-
1824T,Kai Thompson,18,2,-,5,-,-
1824T,Gunawan Trismuwantara,23,2,-1,5,-,-
1824T,Valentin Vanta,28,2,-,5,-,-
1824T,Lingxi Zhao,26,2,-,5,-,-
1842T,Sebastian Dominguez,24,2,-,6,-,-
1842T,Mikel Martinez,25,2,-,6,-,-
1842T,Brandon Perez,26,2,-2,6,-,-
1842T,Marko Retelj,18,2,-,6,-,-
1842T,Saki Tange,22,2,-,6,-,-
1847T,Leonardo Angeloni,21,2,-,6,-,-
1847T,Pepijn Bastiaansen,21,2,-1,6,-,-
1847T,Henry Best,19,2,-,6,-,-
1847T,Kylian Collignon,21,2,-1,6,-,-
1847T,Nav Dayal,19,2,-,6,-,-
1847T,Dmitry Dolzhenkov,22,2,-,6,-,-
1847T,Alexis Gurmendi,28,2,-2,6,-,-
1847T,Benjamin Hannestad,29,2,-,6,-,-
1847T,Matic Hribar,19,2,-,6,-,-
1847T,Haoyuan Huang,23,2,-,6,-,-
1847T,Mattia Nannelli,21,2,-,6,-,-
1847T,Stijn Pel,24,2,-,6,-,-
1847T,Timofey Stepanov,23,2,-,6,-,-
1847T,Gabriele Volpi,30,2,-1,6,-,-
1847T,Gabriele Vulpitta,21,2,-3,6,-,-
1847T,Zhan Zheng,23,2,-,6,-,-
1847T,Ilias Zimmermann,25,2,-,6,-,-
1864T,Daniel Aleksandar Amarandei,18,2,-,7,-,-
1864T,Antoine Berger,28,2,-1,7,-,-
1864T,Maxi Carrascosa Diaz,18,2,-,7,-,-
1864T,Tobia Grandinetti,22,2,-,7,-,-
1864T,Oskar Grzegorzewski,21,2,-,7,-,-
1864T,Alexander Gschiel,19,2,-,7,-,-
1864T,Patrik Homola,22,2,-,7,-,-
1864T,Marko Nikolic,21,2,-,7,-,-
1864T,Ramazan Kaan Oktay,18,2,-,7,-,-
1864T,Yoshka Sborowsky,19,2,-,7,-,-
1864T,Nicola Senn,22,2,-,7,-,-
1864T,Ruslan Serazhetdinov,21,2,-,7,-,-
1864T,Marvin Bernardo Spiering,28,2,-,7,-,-
1864T,Maties Torres Ramis,24,2,-,7,-,-
1878T,Gregorio Biondolillo,26,2,-,8,-,-
1878T,Arthur Bonnaud,29,2,-1,8,-,-
1878T,Samuel De Felipe Garcia,27,2,-,8,-,-
1878T,Thomas Gerbaud,22,2,-,8,-,-
1878T,Gian Gruenig,26,2,-,8,-,-
1878T,Jonas Gundacker,23,2,-1,8,-,-
1878T,Jan Klimas,19,2,-1,8,-,-
1878T,Justin Lenders,19,2,-,8,-,-
1878T,Stevan Popovic,24,2,-1,8,-,-
1878T,Alan Raul Sau Franco,25,2,-,8,-,-
1878T,Denis Vishenchuk Vishenko,19,2,-,8,-,-
1878T,Ha Minh Duc Vu,23,2,-,8,-,-
1890,Ko Suzuki,35,2,-,9,-,-
1891T,Romain Andres,19,2,+1,9,-,-
1891T,Jack Patrick Mcgary,21,2,-,9,-,-
1891T,Essa Qabazard,24,2,-,9,-,-
1894T,Victor Bini,23,2,+1,10,-,-
1894T,Giovanni Ciocca,19,2,-,10,-,-
1894T,Lenny Couturier,17,2,-,10,-,-
1894T,Lorenzo Ferri,22,2,-,10,-,-
1894T,Emanuel Ivanisevic,18,2,-,10,-,-
1894T,Luca Parenti,23,2,-1,10,-,-
1894T,Sheng Tang,26,2,-,10,-,-
1894T,Jan Wygona,19,2,-,10,-,-
1902T,Jim Hendrikx,25,2,-,11,-,-
1902T,Nicola Ion,21,2,-,11,-,-
1902T,Noah Regas Luis,22,2,-,11,-,-
1902T,Tomas Serrano Luis,24,2,-1,11,-,-
1906T,Matic Dimic,24,2,-,12,-,-
1906T,Jose Dominguez Alonso,26,2,-,12,-,-
1906T,Darrshan Suresh,25,2,-2,12,-,-
1909,Jordi Garcia Mestre,23,2,-,13,-,-
1910,Anas Bennour Dit Sahli,19,2,-,14,-,-
1911,Bogdan Seleznev,24,2,-,17,-,-
1912T,Motoharu Abe,17,1,-,1,-,-
1912T,M. Abid Ali Khan Akbar,36,1,-,1,-,-
1912T,Filippo Alfano,18,1,-,1,-,-
1912T,Juan Ignacio Barraza,25,1,-,1,-,-
1912T,Thilo Behrmann,18,1,-,1,-,-
1912T,Manuel Belda,21,1,-,1,-,-
1912T,Alexis Berquier,19,1,-,1,-,-
1912T,Daniel Borisov,22,1,-,1,-,-
1912T,Hanamichi Carvajal,24,1,-,1,-,-
1912T,Yago Castellanos,18,1,+1,1,-,-
1912T,Anton Chekhov,33,1,-,1,-,-
1912T,Kayden Colombo,17,1,-,1,-,-
1912T,Charlelie Cosnet,23,1,-1,1,-,-
1912T,Vitor Costa Gonçalves,22,1,+1,1,-,-
1912T,Sandesh Dattatray Kurale,23,1,-,1,-,-
1912T,Gregoire Delattre,19,1,-,1,-,-
1912T,Malanqi Du,24,1,-,1,-,-
1912T,Gian Durrer,22,1,-,1,-,-
1912T,Hamza El Amine,22,1,-,1,-,-
1912T,Finlay Emslie-Robson,22,1,-,1,-,-
1912T,Drew Fishback,19,1,-,1,-,-
1912T,Kanta Fujisaki,20,1,-,1,-,-
1912T,Ruochen Gao,17,1,+1,1,-,-
1912T,Pietro Gava,17,1,-,1,-,-
1912T,Jou-George Gnjidic,17,1,-,1,-,-
1912T,Daniil Golubev,24,1,-,1,-,-
1912T,Federico Gaston Gonzalez Benitez,26,1,-,1,-,-
1912T,James Hopper,25,1,-,1,-,-
1912T,Ilya Ignatov,20,1,-,1,-,-
1912T,Masaki Ishikawa,22,1,-,1,-,-
1912T,Kabeer Kapasi,21,1,-,1,-,-
1912T,Aslan Karatsev,32,1,-6,1,-,-
1912T,Guelord Kayombo,25,1,-,1,-,-
1912T,Thomas Kostka,23,1,-,1,-,-
1912T,Oscar Lacides,21,1,-,1,-,-
1912T,Woong Chan Lee,17,1,-,1,-,-
1912T,Zekai Li,26,1,-,1,-,-
1912T,Zhe Li,39,1,-,1,-,-
1912T,Dylan Long,19,1,-,1,-,-
1912T,Zoran Ludoski,21,1,-4,1,-,-
1912T,Dominik Macej,17,1,+1,1,-,-
1912T,Obrad Markovski,25,1,-,1,-,-
1912T,Will Mayew,22,1,-,1,-,-
1912T,Dusan Milanovic,24,1,-,1,-,-
1912T,Maximillian Mroz,20,1,-,1,-,-
1912T,Ronan Tashinga Mtisi,18,1,-,1,-,-
1912T,Juan Francisco Munoz,19,1,-,1,-,-
1912T,François Musitelli,27,1,-,1,-,-
1912T,Niklas Niggemann,23,1,-,1,-,-
1912T,Felipe Pagnacco,21,1,-,1,-,-
1912T,Danil Panarin,21,1,-,1,-,-
1912T,Valdemar Frederik Pape,22,1,-1,1,-,-
1912T,Facundo Perlov,22,1,+1,1,-,-
1912T,Claus Piening,22,1,-,1,-,-
1912T,Paris Pouatcha,20,1,-,1,-,-
1912T,Tomas Rengel Sierra,30,1,-,1,-,-
1912T,Milan Ristov,20,1,-,1,-,-
1912T,Samuel Rovai,22,1,-,1,-,-
1912T,Mohamed Safwat,35,1,-,1,-,-
1912T,Manuel Sanchez,35,1,-,1,-,-
1912T,Hidde Schoenmakers,19,1,-,1,-,-
1912T,Mauricio Schtulmann Gasca,17,1,-,1,-,-
1912T,Jack Secord,17,1,-,1,-,-
1912T,Kyle Seelig,28,1,-,1,-,-
1912T,Matthew Shearer,23,1,+1,1,-,-
1912T,Leon Sloboda,17,1,-,1,-,-
1912T,Jannik Sötebier,16,1,-,1,-,-
1912T,Nicholas Steiglehner,22,1,-,1,-,-
1912T,Bjorn Swenson,22,1,-,1,-,-
1912T,Cole Thurgur,19,1,-,1,-,-
1912T,Harry Thursfield,25,1,-,1,-,-
1912T,Alexandr Tiutchenko,16,1,-,1,-,-
1912T,Andrea Tognolini,19,1,-,1,-,-
1912T,Mikhail Tsapenko,18,1,-,1,-,-
1912T,Barkat Ullah,28,1,-,1,-,-
1912T,Andres Urquiola Montellano,22,1,-,1,-,-
1912T,Nand Vandepoele,18,1,+1,1,-,-
1912T,Adria Velazquez Farre,16,1,-,1,-,-
1912T,Sergej Zivkovic,19,1,-,1,-,-
1991T,Daniel Adeleye,20,1,-,2,-,-
1991T,Eric Ahren Moonga,30,1,-,2,-,-
1991T,Alan Aiukhanov,17,1,-,2,-,-
1991T,Bader Alabdullah,24,1,-,2,-,-
1991T,Pedro Albuquerque Dietrich,18,1,+1,2,-,-
1991T,Ramiro Amarilla,24,1,-,2,-,-
1991T,Romeo Arcuschin,19,1,-,2,-,-
1991T,Siwanat Auytayakul,22,1,-1,2,-,-
1991T,Jean Baptiste Badon,23,1,-,2,-,-
1991T,Victor Barrere,25,1,-,2,-,-
1991T,Vladimir Bazilevskiy,21,1,-,2,-,-
1991T,Adrien Berrut,21,1,+1,2,-,-
1991T,Juliusz Bienkiewicz,27,1,-,2,-,-
1991T,Federico Bove,27,1,-,2,-,-
1991T,Giovanni Branchetti,22,1,+1,2,-,-
1991T,Evan Burnett,20,1,-1,2,-,-
1991T,Dmitrii Burtsev,20,1,-,2,-,-
1991T,Luka Ceramilac,17,1,+1,2,-,-
1991T,Jordan Chiu,25,1,-,2,-,-
1991T,Min Hyuk Cho,17,1,-,2,-,-
1991T,Jose Luis Claro,23,1,-,2,-,-
1991T,Martin Doskocil,19,1,-,2,-,-
1991T,Alessandro Dragoni,29,1,-,2,-,-
1991T,Tomas Dummer Macedo,17,1,-,2,-,-
1991T,Dennis Andre Dutine,21,1,-,2,-,-
1991T,Marwan Ehab,18,1,-,2,-,-
1991T,Karim El Feky,24,1,-,2,-,-
1991T,Roberto Ferrer Guimaraes,21,1,-,2,-,-
1991T,Rafael Augusto Garcia Finetto,18,1,-,2,-,-
1991T,Anthony Genov,24,1,-,2,-,-
1991T,Alexander Glomb,22,1,-,2,-,-
1991T,Nicolas Rafael Goldberg Alviani,23,1,-,2,-,-
1991T,Adam Heinonen,24,1,-,2,-,-
1991T,Yuya Hirose,21,1,-,2,-,-
1991T,Juchan Hwang,18,1,-,2,-,-
1991T,David Jeanne-Grandinot,24,1,-,2,-,-
1991T,Yeong-Seok Jeong,26,1,-,2,-,-
1991T,Omar Kandil,17,1,-,2,-,-
1991T,Kolos Kincses,19,1,-,2,-,-
1991T,Ferdinand Kloesters,21,1,+1,2,-,-
1991T,Nicolas Kobelt,22,1,-,2,-,-
1991T,Reiya Komagata,23,1,-,2,-,-
1991T,Anes Latifovic,21,1,-,2,-,-
1991T,Jea Moon Lee,33,1,-,2,-,-
1991T,Liangxuan Liu,16,1,-,2,-,-
1991T,Tim Loosen,25,1,-,2,-,-
1991T,Gergely Madarasz,31,1,-,2,-,-
1991T,Franco Marini,25,1,-,2,-,-
1991T,Maximilian Marterer,31,1,+1,2,-,-
1991T,Andrea Meduri,21,1,-,2,-,-
1991T,Seiya Nakanishi,29,1,-,2,-,-
1991T,Saba George Nanobashvili,21,1,-,2,-,-
1991T,Dian Nedev,25,1,-1,2,-,-
1991T,Pierre Ngijol Carre,22,1,-,2,-,-
1991T,Fnu Nidunjianzan,22,1,-3,2,-,-
1991T,Lun Obrul,22,1,-,2,-,-
1991T,Maximilian Oezcelik,26,1,-,2,-,-
1991T,Yshai Oliel,26,1,-,2,-,-
1991T,Eric Jr. Olivarez,28,1,-,2,-,-
1991T,Fabrizio Karol Pio Osti,20,1,-,2,-,-
1991T,Max Pade,19,1,-,2,-,-
1991T,David Petrovic,21,1,-1,2,-,-
1991T,Photos Photiades,22,1,-,2,-,-
1991T,Sidane Pontjodikromo,25,1,+1,2,-,-
1991T,Felix Raser,17,1,-,2,-,-
1991T,Philippe Renard,23,1,-,2,-,-
1991T,Felipe Rivadeneira,20,1,-,2,-,-
1991T,Jonas Schaer,26,1,-,2,-,-
1991T,Amaan Siddiqui,24,1,-,2,-,-
1991T,Svarmanyu Singh,20,1,-,2,-,-
1991T,Samuel Stolarik,22,1,-,2,-,-
1991T,Leonardo Suarez,17,1,-,2,-,-
1991T,Sulaiman Syed,16,1,-,2,-,-
1991T,Abubakar Talha,16,1,-,2,-,-
1991T,Joan Torres Espinosa,22,1,-,2,-,-
1991T,Aadarsh Tripathi,22,1,-,2,-,-
1991T,Julian Valenzuela,18,1,-,2,-,-
1991T,Luigi Valletta,19,1,-,2,-,-
1991T,Martin Antonio Vergara Del Puerto,22,1,+1,2,-,-
1991T,Lazar Vojinovic,27,1,-,2,-,-
1991T,Nikita Volonski,24,1,-2,2,-,-
1991T,Brandon Walkin,32,1,-,2,-,-
1991T,Christian Wedel,25,1,-,2,-,-
1991T,Aaron James Williams,22,1,-,2,-,-
1991T,Finn Willman,19,1,-,2,-,-
1991T,Kai-An Wu,19,1,-,2,-,-
1991T,Natsuki Yamamoto,21,1,-,2,-,-
1991T,Yerassyl Yerdilda,20,1,-,2,-,-
1991T,Lucas Yunez,18,1,-,2,-,-
2080T,Nicolas Baena,18,1,-,3,-,-
2080T,Nika Bidzinashvili,21,1,-,3,-,-
2080T,Flavio Bocci,21,1,-,3,-,-
2080T,Enrique Bogo,31,1,-,3,-,-
2080T,Matthew Carroll,26,1,-,3,-,-
2080T,Mateo Castañeda,20,1,-2,3,-,-
2080T,Enrique Collar,18,1,-,3,-,-
2080T,Goncalo Da Rosa Castro,17,1,-,3,-,-
2080T,Sean Daryabeigi,21,1,-,3,-,-
2080T,Mariano Dedura-Palomero,20,1,-,3,-,-
2080T,Clement Deleersnyder,24,1,-,3,-,-
2080T,João Pedro Didoni Bonini,19,1,-,3,-,-
2080T,Filip Drab,18,1,-,3,-,-
2080T,Felipe Dreer,20,1,-,3,-,-
2080T,Ivan Dreycopp,23,1,-1,3,-,-
2080T,Birtan Duran,22,1,-,3,-,-
2080T,Tugra Duran,19,1,-,3,-,-
2080T,Felix Einig,26,1,-,3,-,-
2080T,Wen Bo Fan,18,1,-,3,-,-
2080T,Luis Andres Flores Avila,18,1,-,3,-,-
2080T,Oriol Font,20,1,-,3,-,-
2080T,Sai Karteek Reddy Ganta,26,1,-,3,-,-
2080T,Trisztan Gubi,21,1,-,3,-,-
2080T,Thomas Gunzinger,18,1,-,3,-,-
2080T,Javier Guzman,23,1,-,3,-,-
2080T,Zac Hamill,21,1,-,3,-,-
2080T,Tim Hammes,22,1,-,3,-,-
2080T,Julius Maximilian Haus,19,1,-,3,-,-
2080T,Ilan Zheng-Xiong Hediger,19,1,-,3,-,-
2080T,Leonardo Iemmi,21,1,-,3,-,-
2080T,Ryder Jackson,21,1,-,3,-,-
2080T,Jarno Jans,26,1,-1,3,-,-
2080T,Reid Jarvis,25,1,-,3,-,-
2080T,Aqeel Khan,46,1,-,3,-,-
2080T,Marko Knezevic,19,1,-,3,-,-
2080T,Jeri Lassila,21,1,+1,3,-,-
2080T,Isaac Lhomond,19,1,-,3,-,-
2080T,Aron Janos Major,19,1,-,3,-,-
2080T,Sasa Markovic,20,1,-,3,-,-
2080T,Norbert Marosik,22,1,-,3,-,-
2080T,Vicente Menezes Freda,19,1,-,3,-,-
2080T,Stefan Menichella,31,1,-,3,-,-
2080T,Marco Migliorati,22,1,-,3,-,-
2080T,Amir Milushev,21,1,-,3,-,-
2080T,Daniele Minighini,22,1,-,3,-,-
2080T,Vicente Monge,20,1,-,3,-,-
2080T,Nicaise Muamba,25,1,-,3,-,-
2080T,Freddy Murray,23,1,-1,3,-,-
2080T,Botond Nagy,18,1,-,3,-,-
2080T,Aleksa Oparnica,18,1,-,3,-,-
2080T,Kentaro Otsuka,29,1,-,3,-,-
2080T,Viacheslav Ovchinnikov,23,1,-,3,-,-
2080T,David Prasievi,20,1,-,3,-,-
2080T,Ntungamili Raguin,17,1,-,3,-,-
2080T,Danial Rakhmatullayev,19,1,-,3,-,-
2080T,Henry Ren,22,1,-,3,-,-
2080T,Gabriel Sardo,22,1,-,3,-,-
2080T,Jelani Sarr,22,1,-,3,-,-
2080T,Rajat Shirur,18,1,-,3,-,-
2080T,Filip Stidell,21,1,-,3,-,-
2080T,Jin Peng Tang,19,1,-,3,-,-
2080T,Uladzislau Tarasevich,21,1,-,3,-,-
2080T,Ander Tarrio Ponte,20,1,+1,3,-,-
2080T,Christopher Thies,18,1,-,3,-,-
2080T,Tomas Tischner,20,1,-,3,-,-
2080T,Joe Tyler,27,1,-,3,-,-
2080T,Lachlan Vickery,22,1,-,3,-,-
2080T,Ids Waterbolk,25,1,-,3,-,-
2080T,Rafael Ymer,20,1,-,3,-,-
2080T,Ahmed Zaki,21,1,-,3,-,-
2080T,Linghao Zhang,23,1,-,3,-,-
2080T,William Zhang,18,1,-,3,-,-
2080T,Shixun Zhu,19,1,-,3,-,-
2153T,Marcin Andrzejczak,20,1,-,4,-,-
2153T,Felipe Assuncao Garla,32,1,-,4,-,-
2153T,Luka Bojicic Ono,21,1,-,4,-,-
2153T,Ole Bredschneijder,24,1,-,4,-,-
2153T,Alberto Bronzetti,28,1,-1,4,-,-
2153T,Filippo Callerio,21,1,-,4,-,-
2153T,Pedro Henrique Chabalgoity,18,1,-,4,-,-
2153T,Miles Clark,26,1,-,4,-,-
2153T,Sasha Colleu,19,1,-,4,-,-
2153T,Milledge Cossu,24,1,-,4,-,-
2153T,Edoardo De Filippo,21,1,-,4,-,-
2153T,Nikola Djukic Valera,24,1,-,4,-,-
2153T,Alex Finkelstein,23,1,-,4,-,-
2153T,Hong-Lin Fu,24,1,-,4,-,-
2153T,Juan Carlos Fuentes Vasquez,20,1,-,4,-,-
2153T,Thomas Nicholas Gadecki,20,1,-,4,-,-
2153T,Alexander Guajardo,20,1,-,4,-,-
2153T,Stijn Hofman,23,1,-,4,-,-
2153T,Jia Hu,17,1,-,4,-,-
2153T,Jan Jermar,26,1,-,4,-,-
2153T,Kaigaoge Kang,17,1,-1,4,-,-
2153T,Matthias Uwe Kask,20,1,-,4,-,-
2153T,Mikhail Khodorchenko,19,1,-,4,-,-
2153T,Lucky Candra Kurniawan,22,1,-,4,-,-
2153T,Espen Lagarde,24,1,-,4,-,-
2153T,Niels Lootsma,32,1,-,4,-,-
2153T,Martin Maldonado,25,1,-,4,-,-
2153T,Cooper Mccarthy,16,1,-,4,-,-
2153T,Enmanuel Munoz,21,1,-,4,-,-
2153T,Kaue Noatto,22,1,-,4,-,-
2153T,Yong Joon Park,24,1,-,4,-,-
2153T,Leon Peranovic,19,1,-,4,-,-
2153T,Oscar Pinto Sansano,23,1,-,4,-,-
2153T,Mattias Pisanu,19,1,-,4,-,-
2153T,Tadija Radovanovic,26,1,-,4,-,-
2153T,Vihaan Reddy,16,1,-,4,-,-
2153T,Freddie Ridout,22,1,-,4,-,-
2153T,Roshan Santhosh,17,1,-,4,-,-
2153T,Luke Simkiss,28,1,-1,4,-,-
2153T,Andre Souza,23,1,-,4,-,-
2153T,Daniil Stepanov,20,1,-,4,-,-
2153T,Leonardo Storck Franca,17,1,-,4,-,-
2153T,Sarthak Suden,24,1,-,4,-,-
2153T,Zaharije-Zak Talic,27,1,-,4,-,-
2153T,Pablo Trochu,22,1,-,4,-,-
2153T,Vaal Urankar,21,1,-,4,-,-
2153T,Felipe Vazquez,18,1,-,4,-,-
2200T,Calin Apostol,19,1,-,5,-,-
2200T,Patricio Betancourt Gonzalez,32,1,-,5,-,-
2200T,Joaquin Bianchi,26,1,-,5,-,-
2200T,Henrik Bladelius,22,1,-,5,-,-
2200T,Daniil Bogatov,20,1,-,5,-,-
2200T,Hugo Cardinaud,22,1,-1,5,-,-
2200T,Penn Charusorn,18,1,-,5,-,-
2200T,Vito Antonio Darderi,18,1,-,5,-,-
2200T,Livas Eduardo De Carvalho Damazio,16,1,-,5,-,-
2200T,Mustapha El Natour,21,1,-,5,-,-
2200T,Barney Fitzpatrick,24,1,-,5,-,-
2200T,Jose Freitas,19,1,-,5,-,-
2200T,Stephane Pierre-Jo Kamendje,20,1,-2,5,-,-
2200T,Krittin Koaykul,31,1,-,5,-,-
2200T,Matyas Kozlovsky,18,1,-,5,-,-
2200T,Arthur Laborde,22,1,-,5,-,-
2200T,Augusto Mateo Lucarelli,19,1,-,5,-,-
2200T,Andre Megrabian,21,1,-,5,-,-
2200T,Matteo Mesaglio,21,1,-,5,-,-
2200T,Matteo Mura,20,1,-,5,-,-
2200T,Oluwaseun Peter Ogunsakin,17,1,-,5,-,-
2200T,Fedor Sosedkin,19,1,-,5,-,-
2200T,Cedric Stanke,27,1,-,5,-,-
2200T,Zhengyu Sun,19,1,-,5,-,-
2200T,Jaden Dewandaka Tan,19,1,-,5,-,-
2200T,Daniel Tazabekov,18,1,-1,5,-,-
2200T,Breno Rossetto Urvaneja,21,1,-,5,-,-
2200T,Tim Vaisman,19,1,-,5,-,-
2200T,Franco Ariel Vazquez,26,1,-,5,-,-
2200T,Siddharth Vishwakarma,31,1,-,5,-,-
2230T,Laurin Aerne,27,1,-,6,-,-
2230T,Filippo Alberti,23,1,-,6,-,-
2230T,Cezar Stefan Bentzel,18,1,-,6,-,-
2230T,Jonah Braswell,22,1,-,6,-,-
2230T,Simon Caldwell,19,1,-,6,-,-
2230T,Alexis Canter,28,1,-,6,-,-
2230T,Leonel Cesar Castro,19,1,-,6,-,-
2230T,Samuil Chestovaliev,18,1,-,6,-,-
2230T,Thomas Drayton,22,1,-,6,-,-
2230T,Alexey Dubinin,27,1,-,6,-,-
2230T,Mario Andre Galarraga,18,1,-,6,-,-
2230T,Matteo Gribaldo,17,1,-,6,-,-
2230T,Alexandru Toubi Hebhang Balan,18,1,-,6,-,-
2230T,Liam Hignett,26,1,-,6,-,-
2230T,Petr Iamachkine,30,1,-,6,-,-
2230T,Oskar Jansson,21,1,-,6,-,-
2230T,Ruslan Kastsiukevich,19,1,-,6,-,-
2230T,Kazuma Kawachi,31,1,-,6,-,-
2230T,Dmitry Kopilevich,19,1,-1,6,-,-
2230T,Tilen Kovac,24,1,-,6,-,-
2230T,Makar Krivoshchekov,20,1,-,6,-,-
2230T,Agustin Libre,19,1,-,6,-,-
2230T,Kaspar Mathes,18,1,-,6,-,-
2230T,thomas Menzel,19,1,-,6,-,-
2230T,Loic Namigandet Tenguere,27,1,-,6,-,-
2230T,Vladimir Osminkin,24,1,-,6,-,-
2230T,Pietro Pampanin,23,1,-,6,-,-
2230T,Matthew Rankin,22,1,-,6,-,-
2230T,Peter Sallay,25,1,-,6,-,-
2230T,Tiago Silva,21,1,-,6,-,-
2260T,Zachary Adam-Gedge,24,1,-,7,-,-
2260T,Daniel Batista,27,1,-,7,-,-
2260T,Patrick Jozwicki,21,1,-,7,-,-
2260T,Cian Maguire,27,1,-,7,-,-
2260T,Salvador Monteiro,18,1,-,7,-,-
2260T,Simphiwe Ngwenya,19,1,-,7,-,-
2260T,Alex Santino Nuñez Vera,19,1,-,7,-,-
2260T,Glauco Pinheiro Da Cruz Junior,21,1,-,7,-,-
2260T,Tsz Fu Wong,20,1,-,7,-,-
2269T,Francisco Faria,28,1,-,8,-,-
2269T,Andrei Corneliu Gadoiu,17,1,+1,8,-,-
2269T,Alvaro Jimenez,19,1,-,8,-,-
2269T,Ricardo Rodriguez - Pace,33,1,-,8,-,-
2269T,Carles Rojas,22,1,+1,8,-,-
2269T,Dylan Salton,23,1,-,8,-,-
2269T,Vladan Tadic,25,1,-1,8,-,-
2269T,Yue Xia,19,1,-,8,-,-
2277T,Ignasi Forcano Aparicio,26,1,-,9,-,-
2277T,Jun Hao Luo,18,1,-1,9,-,-
2277T,Gokberk Saritas,23,1,-,9,-,-
2280T,William Nolan,23,1,-1,10,-,-
2280T,Yassin Ahmed Wageh,18,1,-,10,-,-
2282,Anthony Susanto,29,1,-1,11,-,-
2283,Oren Vasser,26,1,-2,12,-,-
